[19Jul2025 03:04:15.282] [main/INFO] [cpw.mods.modlauncher.Launcher/MODLAUNCHER]: ModLauncher running: args [--launchTarget, forgeserver, --fml.forgeVersion, 47.3.7, --fml.mcVersion, 1.20.1, --fml.forgeGroup, net.minecraftforge, --fml.mcpVersion, 20230612.114412, nogui]
[19Jul2025 03:04:15.287] [main/INFO] [cpw.mods.modlauncher.Launcher/MODLAUNCHER]: ModLauncher 10.0.9+10.0.9+main.dcd20f30 starting: java version 17.0.15 by Ubuntu; OS Linux arch amd64 version 6.8.0-1027-azure
[19Jul2025 03:04:15.779] [main/INFO] [net.minecraftforge.fml.loading.ImmediateWindowHandler/]: ImmediateWindowProvider not loading because launch target is forgeserver
[19Jul2025 03:04:15.829] [main/INFO] [mixin/]: SpongePowered MIXIN Subsystem Version=0.8.5 Source=union:/workspaces/Yeah/servidor_minecraft/libraries/org/spongepowered/mixin/0.8.5/mixin-0.8.5.jar%2365!/ Service=ModLauncher Env=SERVER
[19Jul2025 03:04:16.164] [main/WARN] [net.minecraftforge.fml.loading.moddiscovery.ModFileParser/LOADING]: Mod file /workspaces/Yeah/servidor_minecraft/libraries/net/minecraftforge/fmlcore/1.20.1-47.3.7/fmlcore-1.20.1-47.3.7.jar is missing mods.toml file
[19Jul2025 03:04:16.166] [main/WARN] [net.minecraftforge.fml.loading.moddiscovery.ModFileParser/LOADING]: Mod file /workspaces/Yeah/servidor_minecraft/libraries/net/minecraftforge/javafmllanguage/1.20.1-47.3.7/javafmllanguage-1.20.1-47.3.7.jar is missing mods.toml file
[19Jul2025 03:04:16.167] [main/WARN] [net.minecraftforge.fml.loading.moddiscovery.ModFileParser/LOADING]: Mod file /workspaces/Yeah/servidor_minecraft/libraries/net/minecraftforge/lowcodelanguage/1.20.1-47.3.7/lowcodelanguage-1.20.1-47.3.7.jar is missing mods.toml file
[19Jul2025 03:04:16.168] [main/WARN] [net.minecraftforge.fml.loading.moddiscovery.ModFileParser/LOADING]: Mod file /workspaces/Yeah/servidor_minecraft/libraries/net/minecraftforge/mclanguage/1.20.1-47.3.7/mclanguage-1.20.1-47.3.7.jar is missing mods.toml file
[19Jul2025 03:04:16.339] [main/INFO] [net.minecraftforge.fml.loading.moddiscovery.JarInJarDependencyLocator/]: Found 3 dependencies adding them to mods collection
[19Jul2025 03:04:18.768] [main/INFO] [mixin/]: Compatibility level set to JAVA_17
[19Jul2025 03:04:18.939] [main/INFO] [cpw.mods.modlauncher.LaunchServiceHandler/MODLAUNCHER]: Launching target 'forgeserver' with arguments [nogui]
[19Jul2025 03:04:19.189] [main/WARN] [mixin/]: Reference map 'simplyswords-forge-refmap.json' for simplyswords.mixins.json could not be read. If this is a development environment you can ignore this message
[19Jul2025 03:04:20.686] [main/INFO] [MixinExtras|Service/]: Initializing MixinExtras via com.llamalad7.mixinextras.service.MixinExtrasServiceImpl(version=0.4.0).
[19Jul2025 03:04:26.665] [main/WARN] [mixin/]: Mixin alexscaves.mixins.json:SwampHutPieceMixin has multiple constructors, (Lnet/minecraft/world/level/levelgen/structure/pieces/StructurePieceType;IIIIIILnet/minecraft/core/Direction;)V was selected

[19Jul2025 03:04:28.878] [modloading-worker-0/INFO] [Bookshelf/]: Fixing MC-151457. Crafting remainder for minecraft:pufferfish_bucket is now minecraft:bucket.
[19Jul2025 03:04:28.881] [modloading-worker-0/INFO] [Bookshelf/]: Fixing MC-151457. Crafting remainder for minecraft:salmon_bucket is now minecraft:bucket.
[19Jul2025 03:04:28.881] [modloading-worker-0/INFO] [Bookshelf/]: Fixing MC-151457. Crafting remainder for minecraft:cod_bucket is now minecraft:bucket.
[19Jul2025 03:04:28.882] [modloading-worker-0/INFO] [Bookshelf/]: Fixing MC-151457. Crafting remainder for minecraft:tropical_fish_bucket is now minecraft:bucket.
[19Jul2025 03:04:28.882] [modloading-worker-0/INFO] [Bookshelf/]: Fixing MC-151457. Crafting remainder for minecraft:axolotl_bucket is now minecraft:bucket.
[19Jul2025 03:04:28.882] [modloading-worker-0/INFO] [Bookshelf/]: Fixing MC-151457. Crafting remainder for minecraft:powder_snow_bucket is now minecraft:bucket.
[19Jul2025 03:04:28.882] [modloading-worker-0/INFO] [Bookshelf/]: Fixing MC-151457. Crafting remainder for minecraft:tadpole_bucket is now minecraft:bucket.
[19Jul2025 03:04:28.914] [modloading-worker-0/INFO] [dev.architectury.networking.forge.NetworkManagerImpl/]: Registering C2S receiver with id architectury:sync_ids
[19Jul2025 03:04:29.908] [modloading-worker-0/INFO] [net.minecraftforge.common.ForgeMod/FORGEMOD]: Forge mod loading, version 47.3.7, for MC 1.20.1 with MCP 20230612.114412
[19Jul2025 03:04:29.911] [modloading-worker-0/INFO] [net.minecraftforge.common.MinecraftForge/FORGE]: MinecraftForge v47.3.7 Initialized
[19Jul2025 03:04:39.818] [modloading-worker-0/INFO] [com.sky.weaponmaster.WeaponMaster/]: Total varients loaded: 6425544
[19Jul2025 03:04:39.819] [modloading-worker-0/INFO] [com.sky.weaponmaster.WeaponMaster/]: Total varients loaded (inc. passives + abilities): 3675411168
[19Jul2025 03:04:42.254] [main/INFO] [ModdingLegacy/StructureGel/]: [structure_gel] Registering data for structure_gel:loot_table_alias
[19Jul2025 03:04:42.264] [main/INFO] [ModdingLegacy/StructureGel/]: [structure_gel] Registering data for structure_gel:data_handler_type
[19Jul2025 03:04:42.264] [main/INFO] [ModdingLegacy/StructureGel/]: [structure_gel] Registering data for structure_gel:dynamic_spawner
[19Jul2025 03:04:42.266] [main/INFO] [ModdingLegacy/StructureGel/]: [structure_gel] Registering data for structure_gel:jigsaw_type
[19Jul2025 03:04:42.364] [main/WARN] [net.minecraft.network.syncher.SynchedEntityData/]: defineId called for: class com.github.alexmodguy.alexscaves.server.entity.living.TremorzillaEntity from class com.github.alexmodguy.alexscaves.server.entity.living.LicowitchEntity
[19Jul2025 03:04:42.430] [main/WARN] [net.minecraftforge.common.ForgeConfigSpec/CORE]: Configuration file /workspaces/Yeah/servidor_minecraft/config/ba_bt-common.toml is not correct. Correcting
[19Jul2025 03:04:42.431] [main/WARN] [net.minecraftforge.common.ForgeConfigSpec/CORE]: Incorrect key general was corrected from null to its default, SimpleCommentedConfig:{}. 
[19Jul2025 03:04:42.431] [main/WARN] [net.minecraftforge.common.ForgeConfigSpec/CORE]: Incorrect key general.landMinimumSeparation was corrected from null to its default, 30. 
[19Jul2025 03:04:42.431] [main/WARN] [net.minecraftforge.common.ForgeConfigSpec/CORE]: Incorrect key general.oceanMinimumSeparation was corrected from null to its default, 35. 
[19Jul2025 03:04:42.431] [main/WARN] [net.minecraftforge.common.ForgeConfigSpec/CORE]: Incorrect key general.firstTowerDistance was corrected from null to its default, 25. 
[19Jul2025 03:04:42.431] [main/WARN] [net.minecraftforge.common.ForgeConfigSpec/CORE]: Incorrect key general.terralith was corrected from null to its default, false. 
[19Jul2025 03:04:42.431] [main/WARN] [net.minecraftforge.common.ForgeConfigSpec/CORE]: Incorrect key general.biomesofPlenty was corrected from null to its default, false. 
[19Jul2025 03:04:42.432] [main/WARN] [net.minecraftforge.common.ForgeConfigSpec/CORE]: Incorrect key general.ohTheBiomesYoullGo was corrected from null to its default, false. 
[19Jul2025 03:04:42.433] [main/WARN] [net.minecraftforge.common.ForgeConfigSpec/CORE]: Incorrect key advanced was corrected from null to its default, SimpleCommentedConfig:{}. 
[19Jul2025 03:04:42.433] [main/WARN] [net.minecraftforge.common.ForgeConfigSpec/CORE]: Incorrect key advanced.landGolemHealth was corrected from null to its default, 250.0. 
[19Jul2025 03:04:42.433] [main/WARN] [net.minecraftforge.common.ForgeConfigSpec/CORE]: Incorrect key advanced.landAverageSeparationModifier was corrected from null to its default, 4. 
[19Jul2025 03:04:42.433] [main/WARN] [net.minecraftforge.common.ForgeConfigSpec/CORE]: Incorrect key advanced.landCollapseTimer was corrected from null to its default, 30. 
[19Jul2025 03:04:42.433] [main/WARN] [net.minecraftforge.common.ForgeConfigSpec/CORE]: Incorrect key advanced.landTowerDestruction was corrected from null to its default, 0.85. 
[19Jul2025 03:04:42.433] [main/WARN] [net.minecraftforge.common.ForgeConfigSpec/CORE]: Incorrect key advanced.oceanGolemHealth was corrected from null to its default, 300.0. 
[19Jul2025 03:04:42.433] [main/WARN] [net.minecraftforge.common.ForgeConfigSpec/CORE]: Incorrect key advanced.oceanAverageSeparationModifier was corrected from null to its default, 8. 
[19Jul2025 03:04:42.434] [main/WARN] [net.minecraftforge.common.ForgeConfigSpec/CORE]: Incorrect key advanced.oceanCollapseTimer was corrected from null to its default, 30. 
[19Jul2025 03:04:42.434] [main/WARN] [net.minecraftforge.common.ForgeConfigSpec/CORE]: Incorrect key advanced.oceanTowerDestruction was corrected from null to its default, 1.0. 
[19Jul2025 03:04:42.434] [main/WARN] [net.minecraftforge.common.ForgeConfigSpec/CORE]: Incorrect key advanced.smallOceanTrench was corrected from null to its default, false. 
[19Jul2025 03:04:42.435] [main/WARN] [net.minecraftforge.common.ForgeConfigSpec/CORE]: Incorrect key crashable was corrected from null to its default, SimpleCommentedConfig:{}. 
[19Jul2025 03:04:42.435] [main/WARN] [net.minecraftforge.common.ForgeConfigSpec/CORE]: Incorrect key crashable.towerMobs was corrected from null to its default, SimpleCommentedConfig:{}. 
[19Jul2025 03:04:42.436] [main/WARN] [net.minecraftforge.common.ForgeConfigSpec/CORE]: Incorrect key crashable.towerMobs.landTowerMobs was corrected from null to its default, [minecraft:zombie, minecraft:zombie, minecraft:skeleton, minecraft:spider]. 
[19Jul2025 03:04:42.436] [main/WARN] [net.minecraftforge.common.ForgeConfigSpec/CORE]: Incorrect key crashable.towerMobs.oceanTowerMobs was corrected from null to its default, [minecraft:drowned, minecraft:guardian, minecraft:drowned, minecraft:drowned, minecraft:drowned, minecraft:pufferfish]. 
[19Jul2025 03:04:42.436] [main/WARN] [net.minecraftforge.common.ForgeConfigSpec/CORE]: Incorrect key crashable.towerLootOptions was corrected from null to its default, SimpleCommentedConfig:{}. 
[19Jul2025 03:04:42.436] [main/WARN] [net.minecraftforge.common.ForgeConfigSpec/CORE]: Incorrect key crashable.towerLootOptions.bookXPLevels was corrected from null to its default, 10. 
[19Jul2025 03:04:42.436] [main/WARN] [net.minecraftforge.common.ForgeConfigSpec/CORE]: Incorrect key crashable.towerLootOptions.enchantedArmor was corrected from null to its default, true. 
[19Jul2025 03:04:42.436] [main/WARN] [net.minecraftforge.common.ForgeConfigSpec/CORE]: Incorrect key crashable.towerLootOptions.enchantedTools was corrected from null to its default, true. 
[19Jul2025 03:04:42.437] [main/WARN] [net.minecraftforge.common.ForgeConfigSpec/CORE]: Incorrect key crashable.towerLootOptions.extraChestTypes was corrected from null to its default, [White Shulker]. 
[19Jul2025 03:04:42.437] [main/WARN] [net.minecraftforge.common.ForgeConfigSpec/CORE]: Incorrect key crashable.towerLootOptions.extraChestBlocks was corrected from null to its default, [minecraft:white_shulker_box]. 
[19Jul2025 03:04:42.437] [main/WARN] [net.minecraftforge.common.ForgeConfigSpec/CORE]: Incorrect key crashable.towerExtendableLootPools was corrected from null to its default, SimpleCommentedConfig:{}. 
[19Jul2025 03:04:42.437] [main/WARN] [net.minecraftforge.common.ForgeConfigSpec/CORE]: Incorrect key crashable.towerExtendableLootPools.meatLootPool was corrected from null to its default, [minecraft:rabbit_stew]. 
[19Jul2025 03:04:42.437] [main/WARN] [net.minecraftforge.common.ForgeConfigSpec/CORE]: Incorrect key crashable.towerExtendableLootPools.meatLootRarity was corrected from null to its default, [4]. 
[19Jul2025 03:04:42.437] [main/WARN] [net.minecraftforge.common.ForgeConfigSpec/CORE]: Incorrect key crashable.towerExtendableLootPools.meatLootAmounts was corrected from null to its default, [1.1]. 
[19Jul2025 03:04:42.437] [main/WARN] [net.minecraftforge.common.ForgeConfigSpec/CORE]: Incorrect key crashable.towerExtendableLootPools.veggieLootPool was corrected from null to its default, []. 
[19Jul2025 03:04:42.438] [main/WARN] [net.minecraftforge.common.ForgeConfigSpec/CORE]: Incorrect key crashable.towerExtendableLootPools.veggieLootRarity was corrected from null to its default, []. 
[19Jul2025 03:04:42.438] [main/WARN] [net.minecraftforge.common.ForgeConfigSpec/CORE]: Incorrect key crashable.towerExtendableLootPools.veggieLootAmounts was corrected from null to its default, []. 
[19Jul2025 03:04:42.438] [main/WARN] [net.minecraftforge.common.ForgeConfigSpec/CORE]: Incorrect key crashable.towerExtendableLootPools.cookedLootPool was corrected from null to its default, []. 
[19Jul2025 03:04:42.438] [main/WARN] [net.minecraftforge.common.ForgeConfigSpec/CORE]: Incorrect key crashable.towerExtendableLootPools.cookedLootRarity was corrected from null to its default, []. 
[19Jul2025 03:04:42.438] [main/WARN] [net.minecraftforge.common.ForgeConfigSpec/CORE]: Incorrect key crashable.towerExtendableLootPools.cookedLootAmounts was corrected from null to its default, []. 
[19Jul2025 03:04:42.438] [main/WARN] [net.minecraftforge.common.ForgeConfigSpec/CORE]: Incorrect key crashable.towerExtendableLootPools.gemsLootPool was corrected from null to its default, []. 
[19Jul2025 03:04:42.438] [main/WARN] [net.minecraftforge.common.ForgeConfigSpec/CORE]: Incorrect key crashable.towerExtendableLootPools.gemsLootRarity was corrected from null to its default, []. 
[19Jul2025 03:04:42.438] [main/WARN] [net.minecraftforge.common.ForgeConfigSpec/CORE]: Incorrect key crashable.towerExtendableLootPools.gemsLootAmounts was corrected from null to its default, []. 
[19Jul2025 03:04:42.438] [main/WARN] [net.minecraftforge.common.ForgeConfigSpec/CORE]: Incorrect key crashable.towerExtendableLootPools.metalsLootPool was corrected from null to its default, []. 
[19Jul2025 03:04:42.438] [main/WARN] [net.minecraftforge.common.ForgeConfigSpec/CORE]: Incorrect key crashable.towerExtendableLootPools.metalsLootRarity was corrected from null to its default, []. 
[19Jul2025 03:04:42.439] [main/WARN] [net.minecraftforge.common.ForgeConfigSpec/CORE]: Incorrect key crashable.towerExtendableLootPools.metalsLootAmounts was corrected from null to its default, []. 
[19Jul2025 03:04:42.439] [main/WARN] [net.minecraftforge.common.ForgeConfigSpec/CORE]: Incorrect key crashable.towerExtendableLootPools.oreLootPool was corrected from null to its default, []. 
[19Jul2025 03:04:42.439] [main/WARN] [net.minecraftforge.common.ForgeConfigSpec/CORE]: Incorrect key crashable.towerExtendableLootPools.oreLootRarity was corrected from null to its default, []. 
[19Jul2025 03:04:42.439] [main/WARN] [net.minecraftforge.common.ForgeConfigSpec/CORE]: Incorrect key crashable.towerExtendableLootPools.oreLootAmounts was corrected from null to its default, []. 
[19Jul2025 03:04:42.439] [main/WARN] [net.minecraftforge.common.ForgeConfigSpec/CORE]: Incorrect key crashable.towerExtendableLootPools.buildingBlocksLootPool was corrected from null to its default, []. 
[19Jul2025 03:04:42.439] [main/WARN] [net.minecraftforge.common.ForgeConfigSpec/CORE]: Incorrect key crashable.towerExtendableLootPools.buildingBlocksLootRarity was corrected from null to its default, []. 
[19Jul2025 03:04:42.439] [main/WARN] [net.minecraftforge.common.ForgeConfigSpec/CORE]: Incorrect key crashable.towerExtendableLootPools.buildingBlocksLootAmounts was corrected from null to its default, []. 
[19Jul2025 03:04:42.439] [main/WARN] [net.minecraftforge.common.ForgeConfigSpec/CORE]: Incorrect key crashable.towerExtendableLootPools.libraryLootPool was corrected from null to its default, []. 
[19Jul2025 03:04:42.439] [main/WARN] [net.minecraftforge.common.ForgeConfigSpec/CORE]: Incorrect key crashable.towerExtendableLootPools.libraryLootRarity was corrected from null to its default, []. 
[19Jul2025 03:04:42.440] [main/WARN] [net.minecraftforge.common.ForgeConfigSpec/CORE]: Incorrect key crashable.towerExtendableLootPools.libraryLootAmounts was corrected from null to its default, []. 
[19Jul2025 03:04:42.440] [main/WARN] [net.minecraftforge.common.ForgeConfigSpec/CORE]: Incorrect key crashable.towerExtendableLootPools.weaponLootPool was corrected from null to its default, []. 
[19Jul2025 03:04:42.440] [main/WARN] [net.minecraftforge.common.ForgeConfigSpec/CORE]: Incorrect key crashable.towerExtendableLootPools.weaponLootRarity was corrected from null to its default, []. 
[19Jul2025 03:04:42.440] [main/WARN] [net.minecraftforge.common.ForgeConfigSpec/CORE]: Incorrect key crashable.towerExtendableLootPools.weaponLootAmounts was corrected from null to its default, []. 
[19Jul2025 03:04:42.440] [main/WARN] [net.minecraftforge.common.ForgeConfigSpec/CORE]: Incorrect key crashable.towerExtendableLootPools.armorLootPool was corrected from null to its default, []. 
[19Jul2025 03:04:42.440] [main/WARN] [net.minecraftforge.common.ForgeConfigSpec/CORE]: Incorrect key crashable.towerExtendableLootPools.armorLootRarity was corrected from null to its default, []. 
[19Jul2025 03:04:42.440] [main/WARN] [net.minecraftforge.common.ForgeConfigSpec/CORE]: Incorrect key crashable.towerExtendableLootPools.armorLootAmounts was corrected from null to its default, []. 
[19Jul2025 03:04:42.441] [main/WARN] [net.minecraftforge.common.ForgeConfigSpec/CORE]: Incorrect key crashable.towerExtendableLootPools.toolLootPool was corrected from null to its default, []. 
[19Jul2025 03:04:42.441] [main/WARN] [net.minecraftforge.common.ForgeConfigSpec/CORE]: Incorrect key crashable.towerExtendableLootPools.toolLootRarity was corrected from null to its default, []. 
[19Jul2025 03:04:42.441] [main/WARN] [net.minecraftforge.common.ForgeConfigSpec/CORE]: Incorrect key crashable.towerExtendableLootPools.toolLootAmounts was corrected from null to its default, []. 
[19Jul2025 03:04:42.441] [main/WARN] [net.minecraftforge.common.ForgeConfigSpec/CORE]: Incorrect key crashable.towerExtendableLootPools.consumableLootPool was corrected from null to its default, []. 
[19Jul2025 03:04:42.441] [main/WARN] [net.minecraftforge.common.ForgeConfigSpec/CORE]: Incorrect key crashable.towerExtendableLootPools.consumableLootRarity was corrected from null to its default, []. 
[19Jul2025 03:04:42.441] [main/WARN] [net.minecraftforge.common.ForgeConfigSpec/CORE]: Incorrect key crashable.towerExtendableLootPools.consumableLootAmounts was corrected from null to its default, []. 
[19Jul2025 03:04:42.442] [main/WARN] [net.minecraftforge.common.ForgeConfigSpec/CORE]: Incorrect key crashable.towerExtendableLootPools.bedsideLootPool was corrected from null to its default, []. 
[19Jul2025 03:04:42.442] [main/WARN] [net.minecraftforge.common.ForgeConfigSpec/CORE]: Incorrect key crashable.towerExtendableLootPools.bedsideLootRarity was corrected from null to its default, []. 
[19Jul2025 03:04:42.442] [main/WARN] [net.minecraftforge.common.ForgeConfigSpec/CORE]: Incorrect key crashable.towerExtendableLootPools.bedsideLootAmounts was corrected from null to its default, []. 
[19Jul2025 03:04:42.442] [main/WARN] [net.minecraftforge.common.ForgeConfigSpec/CORE]: Incorrect key crashable.towerExtendableLootPools.plantsLootPool was corrected from null to its default, []. 
[19Jul2025 03:04:42.442] [main/WARN] [net.minecraftforge.common.ForgeConfigSpec/CORE]: Incorrect key crashable.towerExtendableLootPools.plantsLootRarity was corrected from null to its default, []. 
[19Jul2025 03:04:42.442] [main/WARN] [net.minecraftforge.common.ForgeConfigSpec/CORE]: Incorrect key crashable.towerExtendableLootPools.plantsLootAmounts was corrected from null to its default, []. 
[19Jul2025 03:04:42.443] [main/WARN] [net.minecraftforge.common.ForgeConfigSpec/CORE]: Incorrect key crashable.towerExtendableLootPools.waterPlantsLootPool was corrected from null to its default, []. 
[19Jul2025 03:04:42.443] [main/WARN] [net.minecraftforge.common.ForgeConfigSpec/CORE]: Incorrect key crashable.towerExtendableLootPools.waterPlantsLootRarity was corrected from null to its default, []. 
[19Jul2025 03:04:42.443] [main/WARN] [net.minecraftforge.common.ForgeConfigSpec/CORE]: Incorrect key crashable.towerExtendableLootPools.waterPlantsLootAmounts was corrected from null to its default, []. 
[19Jul2025 03:04:42.443] [main/WARN] [net.minecraftforge.common.ForgeConfigSpec/CORE]: Incorrect key crashable.towerExtendableLootPools.treePlantsLootPool was corrected from null to its default, []. 
[19Jul2025 03:04:42.443] [main/WARN] [net.minecraftforge.common.ForgeConfigSpec/CORE]: Incorrect key crashable.towerExtendableLootPools.treePlantsLootRarity was corrected from null to its default, []. 
[19Jul2025 03:04:42.443] [main/WARN] [net.minecraftforge.common.ForgeConfigSpec/CORE]: Incorrect key crashable.towerExtendableLootPools.treePlantsLootAmounts was corrected from null to its default, []. 
[19Jul2025 03:04:42.443] [main/WARN] [net.minecraftforge.common.ForgeConfigSpec/CORE]: Incorrect key crashable.towerChestLootTableReplacements was corrected from null to its default, SimpleCommentedConfig:{}. 
[19Jul2025 03:04:42.445] [main/WARN] [net.minecraftforge.common.ForgeConfigSpec/CORE]: Incorrect key crashable.towerChestLootTableReplacements.landTowerChestPools was corrected from null to its default, [, , , , , , , , ]. 
[19Jul2025 03:04:42.445] [main/WARN] [net.minecraftforge.common.ForgeConfigSpec/CORE]: Incorrect key crashable.towerChestLootTableReplacements.oceanTowerChestPools was corrected from null to its default, [, , , , , , , , ]. 
[19Jul2025 03:04:42.445] [main/WARN] [net.minecraftforge.common.ForgeConfigSpec/CORE]: Incorrect key crashable.towerChestLootTableReplacements.coreTowerChestPools was corrected from null to its default, [, , , , , , , , ]. 
[19Jul2025 03:04:42.445] [main/WARN] [net.minecraftforge.common.ForgeConfigSpec/CORE]: Incorrect key crashable.towerChestLootTableReplacements.netherTowerChestPools was corrected from null to its default, [, , , , , , , , ]. 
[19Jul2025 03:04:42.445] [main/WARN] [net.minecraftforge.common.ForgeConfigSpec/CORE]: Incorrect key crashable.towerChestLootTableReplacements.endTowerChestPools was corrected from null to its default, [, , , , , , , , ]. 
[19Jul2025 03:04:42.446] [main/WARN] [net.minecraftforge.common.ForgeConfigSpec/CORE]: Incorrect key crashable.towerChestLootTableReplacements.sskyTowerChestPools was corrected from null to its default, [, , , , , , , , ]. 
[19Jul2025 03:04:42.452] [main/WARN] [net.minecraftforge.common.ForgeConfigSpec/CORE]: Configuration file /workspaces/Yeah/servidor_minecraft/config/dungeons_plus-common.toml is not correct. Correcting
[19Jul2025 03:04:42.452] [main/WARN] [net.minecraftforge.common.ForgeConfigSpec/CORE]: Incorrect key Mobs was corrected from null to its default, SimpleCommentedConfig:{}. 
[19Jul2025 03:04:42.452] [main/WARN] [net.minecraftforge.common.ForgeConfigSpec/CORE]: Incorrect key Mobs.husk_leviathan_blade_chance was corrected from null to its default, 5. 
[19Jul2025 03:04:42.453] [main/WARN] [net.minecraftforge.common.ForgeConfigSpec/CORE]: Incorrect key Mobs.husks_drop_sand was corrected from null to its default, true. 
[19Jul2025 03:04:42.453] [main/WARN] [net.minecraftforge.common.ForgeConfigSpec/CORE]: Incorrect key Mobs.stray_frosted_cowl_chance was corrected from null to its default, 5. 
[19Jul2025 03:04:42.453] [main/WARN] [net.minecraftforge.common.ForgeConfigSpec/CORE]: Incorrect key Mobs.strays_drop_ice was corrected from null to its default, true. 
[19Jul2025 03:04:42.453] [main/WARN] [net.minecraftforge.common.ForgeConfigSpec/CORE]: Incorrect key Mobs.drowned_warped_axe_chance was corrected from null to its default, 5. 
[19Jul2025 03:04:42.453] [main/WARN] [net.minecraftforge.common.ForgeConfigSpec/CORE]: Incorrect key Mobs.drowned_coral_chance was corrected from null to its default, 30. 
[19Jul2025 03:04:42.453] [main/WARN] [net.minecraftforge.common.ForgeConfigSpec/CORE]: Incorrect key Mobs.skeleton_soul_cannon_chance was corrected from null to its default, 5. 
[19Jul2025 03:04:42.454] [main/WARN] [net.minecraftforge.common.ForgeConfigSpec/CORE]: Incorrect key Items was corrected from null to its default, SimpleCommentedConfig:{}. 
[19Jul2025 03:04:42.454] [main/WARN] [net.minecraftforge.common.ForgeConfigSpec/CORE]: Incorrect key Items.loyalty_returns_from_void was corrected from null to its default, true. 
[19Jul2025 03:04:42.454] [main/WARN] [net.minecraftforge.common.ForgeConfigSpec/CORE]: Incorrect key Items.soul_cannon_produces_fire was corrected from null to its default, true. 
[19Jul2025 03:04:42.455] [main/WARN] [net.minecraftforge.common.ForgeConfigSpec/CORE]: Incorrect key Mod Compat was corrected from null to its default, SimpleCommentedConfig:{}. 
[19Jul2025 03:04:42.455] [main/WARN] [net.minecraftforge.common.ForgeConfigSpec/CORE]: Incorrect key Mod Compat.Waystones was corrected from null to its default, SimpleCommentedConfig:{}. 
[19Jul2025 03:04:42.455] [main/WARN] [net.minecraftforge.common.ForgeConfigSpec/CORE]: Incorrect key Mod Compat.Waystones.tower_waystone_chance was corrected from null to its default, 100. 
[19Jul2025 03:04:42.456] [main/WARN] [net.minecraftforge.common.ForgeConfigSpec/CORE]: Configuration file /workspaces/Yeah/servidor_minecraft/config/mowziesmobs-common.toml is not correct. Correcting
[19Jul2025 03:04:42.457] [main/WARN] [net.minecraftforge.common.ForgeConfigSpec/CORE]: Incorrect key tools_and_abilities was corrected from null to its default, SimpleCommentedConfig:{}. 
[19Jul2025 03:04:42.457] [main/WARN] [net.minecraftforge.common.ForgeConfigSpec/CORE]: Incorrect key tools_and_abilities.suns_blessing was corrected from null to its default, SimpleCommentedConfig:{}. 
[19Jul2025 03:04:42.457] [main/WARN] [net.minecraftforge.common.ForgeConfigSpec/CORE]: Incorrect key tools_and_abilities.suns_blessing.suns_blessing_duration was corrected from null to its default, 60. 
[19Jul2025 03:04:42.457] [main/WARN] [net.minecraftforge.common.ForgeConfigSpec/CORE]: Incorrect key tools_and_abilities.suns_blessing.suns_blessing_attack_multiplier was corrected from null to its default, 1.0. 
[19Jul2025 03:04:42.457] [main/WARN] [net.minecraftforge.common.ForgeConfigSpec/CORE]: Incorrect key tools_and_abilities.suns_blessing.solar_beam_cost was corrected from null to its default, 5. 
[19Jul2025 03:04:42.457] [main/WARN] [net.minecraftforge.common.ForgeConfigSpec/CORE]: Incorrect key tools_and_abilities.supernova_cost was corrected from null to its default, 60. 
[19Jul2025 03:04:42.457] [main/WARN] [net.minecraftforge.common.ForgeConfigSpec/CORE]: Incorrect key tools_and_abilities.wrought_helm was corrected from null to its default, SimpleCommentedConfig:{}. 
[19Jul2025 03:04:42.458] [main/WARN] [net.minecraftforge.common.ForgeConfigSpec/CORE]: Incorrect key tools_and_abilities.wrought_helm.armor_config was corrected from null to its default, SimpleCommentedConfig:{}. 
[19Jul2025 03:04:42.458] [main/WARN] [net.minecraftforge.common.ForgeConfigSpec/CORE]: Incorrect key tools_and_abilities.wrought_helm.armor_config.damage_reduction_multiplier was corrected from null to its default, 1.0. 
[19Jul2025 03:04:42.458] [main/WARN] [net.minecraftforge.common.ForgeConfigSpec/CORE]: Incorrect key tools_and_abilities.wrought_helm.armor_config.toughness_multiplier was corrected from null to its default, 1.0. 
[19Jul2025 03:04:42.458] [main/WARN] [net.minecraftforge.common.ForgeConfigSpec/CORE]: Incorrect key tools_and_abilities.wrought_helm.breakable was corrected from null to its default, false. 
[19Jul2025 03:04:42.458] [main/WARN] [net.minecraftforge.common.ForgeConfigSpec/CORE]: Incorrect key tools_and_abilities.axe_of_a_thousand_metals was corrected from null to its default, SimpleCommentedConfig:{}. 
[19Jul2025 03:04:42.458] [main/WARN] [net.minecraftforge.common.ForgeConfigSpec/CORE]: Incorrect key tools_and_abilities.axe_of_a_thousand_metals.tool_config was corrected from null to its default, SimpleCommentedConfig:{}. 
[19Jul2025 03:04:42.458] [main/WARN] [net.minecraftforge.common.ForgeConfigSpec/CORE]: Incorrect key tools_and_abilities.axe_of_a_thousand_metals.tool_config.attack_damage was corrected from null to its default, 9.0. 
[19Jul2025 03:04:42.459] [main/WARN] [net.minecraftforge.common.ForgeConfigSpec/CORE]: Incorrect key tools_and_abilities.axe_of_a_thousand_metals.tool_config.attack_speed was corrected from null to its default, 0.8999999761581421. 
[19Jul2025 03:04:42.459] [main/WARN] [net.minecraftforge.common.ForgeConfigSpec/CORE]: Incorrect key tools_and_abilities.axe_of_a_thousand_metals.breakable was corrected from null to its default, false. 
[19Jul2025 03:04:42.459] [main/WARN] [net.minecraftforge.common.ForgeConfigSpec/CORE]: Incorrect key tools_and_abilities.sol_visage was corrected from null to its default, SimpleCommentedConfig:{}. 
[19Jul2025 03:04:42.459] [main/WARN] [net.minecraftforge.common.ForgeConfigSpec/CORE]: Incorrect key tools_and_abilities.sol_visage.armor_config was corrected from null to its default, SimpleCommentedConfig:{}. 
[19Jul2025 03:04:42.459] [main/WARN] [net.minecraftforge.common.ForgeConfigSpec/CORE]: Incorrect key tools_and_abilities.sol_visage.armor_config.damage_reduction_multiplier was corrected from null to its default, 1.0. 
[19Jul2025 03:04:42.459] [main/WARN] [net.minecraftforge.common.ForgeConfigSpec/CORE]: Incorrect key tools_and_abilities.sol_visage.armor_config.toughness_multiplier was corrected from null to its default, 1.0. 
[19Jul2025 03:04:42.459] [main/WARN] [net.minecraftforge.common.ForgeConfigSpec/CORE]: Incorrect key tools_and_abilities.sol_visage.breakable was corrected from null to its default, false. 
[19Jul2025 03:04:42.460] [main/WARN] [net.minecraftforge.common.ForgeConfigSpec/CORE]: Incorrect key tools_and_abilities.sol_visage.max_followers was corrected from null to its default, 10. 
[19Jul2025 03:04:42.460] [main/WARN] [net.minecraftforge.common.ForgeConfigSpec/CORE]: Incorrect key tools_and_abilities.ice_crystal was corrected from null to its default, SimpleCommentedConfig:{}. 
[19Jul2025 03:04:42.460] [main/WARN] [net.minecraftforge.common.ForgeConfigSpec/CORE]: Incorrect key tools_and_abilities.ice_crystal.attack_multiplier was corrected from null to its default, 1.0. 
[19Jul2025 03:04:42.460] [main/WARN] [net.minecraftforge.common.ForgeConfigSpec/CORE]: Incorrect key tools_and_abilities.ice_crystal.breakable was corrected from null to its default, false. 
[19Jul2025 03:04:42.460] [main/WARN] [net.minecraftforge.common.ForgeConfigSpec/CORE]: Incorrect key tools_and_abilities.ice_crystal.durability was corrected from null to its default, 600. 
[19Jul2025 03:04:42.460] [main/WARN] [net.minecraftforge.common.ForgeConfigSpec/CORE]: Incorrect key tools_and_abilities.ice_crystal.freeze_duration was corrected from null to its default, 50. 
[19Jul2025 03:04:42.460] [main/WARN] [net.minecraftforge.common.ForgeConfigSpec/CORE]: Incorrect key tools_and_abilities.umvuthana_mask was corrected from null to its default, SimpleCommentedConfig:{}. 
[19Jul2025 03:04:42.460] [main/WARN] [net.minecraftforge.common.ForgeConfigSpec/CORE]: Incorrect key tools_and_abilities.umvuthana_mask.armor_config was corrected from null to its default, SimpleCommentedConfig:{}. 
[19Jul2025 03:04:42.461] [main/WARN] [net.minecraftforge.common.ForgeConfigSpec/CORE]: Incorrect key tools_and_abilities.umvuthana_mask.armor_config.damage_reduction_multiplier was corrected from null to its default, 1.0. 
[19Jul2025 03:04:42.461] [main/WARN] [net.minecraftforge.common.ForgeConfigSpec/CORE]: Incorrect key tools_and_abilities.umvuthana_mask.armor_config.toughness_multiplier was corrected from null to its default, 1.0. 
[19Jul2025 03:04:42.461] [main/WARN] [net.minecraftforge.common.ForgeConfigSpec/CORE]: Incorrect key tools_and_abilities.geomancerArmor was corrected from null to its default, SimpleCommentedConfig:{}. 
[19Jul2025 03:04:42.461] [main/WARN] [net.minecraftforge.common.ForgeConfigSpec/CORE]: Incorrect key tools_and_abilities.geomancerArmor.armor_config was corrected from null to its default, SimpleCommentedConfig:{}. 
[19Jul2025 03:04:42.461] [main/WARN] [net.minecraftforge.common.ForgeConfigSpec/CORE]: Incorrect key tools_and_abilities.geomancerArmor.armor_config.damage_reduction_multiplier was corrected from null to its default, 1.0. 
[19Jul2025 03:04:42.461] [main/WARN] [net.minecraftforge.common.ForgeConfigSpec/CORE]: Incorrect key tools_and_abilities.geomancerArmor.armor_config.toughness_multiplier was corrected from null to its default, 1.0. 
[19Jul2025 03:04:42.461] [main/WARN] [net.minecraftforge.common.ForgeConfigSpec/CORE]: Incorrect key tools_and_abilities.spear was corrected from null to its default, SimpleCommentedConfig:{}. 
[19Jul2025 03:04:42.462] [main/WARN] [net.minecraftforge.common.ForgeConfigSpec/CORE]: Incorrect key tools_and_abilities.spear.tool_config was corrected from null to its default, SimpleCommentedConfig:{}. 
[19Jul2025 03:04:42.462] [main/WARN] [net.minecraftforge.common.ForgeConfigSpec/CORE]: Incorrect key tools_and_abilities.spear.tool_config.attack_damage was corrected from null to its default, 5.0. 
[19Jul2025 03:04:42.462] [main/WARN] [net.minecraftforge.common.ForgeConfigSpec/CORE]: Incorrect key tools_and_abilities.spear.tool_config.attack_speed was corrected from null to its default, 1.600000023841858. 
[19Jul2025 03:04:42.462] [main/WARN] [net.minecraftforge.common.ForgeConfigSpec/CORE]: Incorrect key tools_and_abilities.naga_fang_dagger was corrected from null to its default, SimpleCommentedConfig:{}. 
[19Jul2025 03:04:42.462] [main/WARN] [net.minecraftforge.common.ForgeConfigSpec/CORE]: Incorrect key tools_and_abilities.naga_fang_dagger.tool_config was corrected from null to its default, SimpleCommentedConfig:{}. 
[19Jul2025 03:04:42.462] [main/WARN] [net.minecraftforge.common.ForgeConfigSpec/CORE]: Incorrect key tools_and_abilities.naga_fang_dagger.tool_config.attack_damage was corrected from null to its default, 3.0. 
[19Jul2025 03:04:42.462] [main/WARN] [net.minecraftforge.common.ForgeConfigSpec/CORE]: Incorrect key tools_and_abilities.naga_fang_dagger.tool_config.attack_speed was corrected from null to its default, 2.0. 
[19Jul2025 03:04:42.463] [main/WARN] [net.minecraftforge.common.ForgeConfigSpec/CORE]: Incorrect key tools_and_abilities.naga_fang_dagger.poison_duration was corrected from null to its default, 40. 
[19Jul2025 03:04:42.463] [main/WARN] [net.minecraftforge.common.ForgeConfigSpec/CORE]: Incorrect key tools_and_abilities.naga_fang_dagger.backstab_damage_mult was corrected from null to its default, 2.0. 
[19Jul2025 03:04:42.463] [main/WARN] [net.minecraftforge.common.ForgeConfigSpec/CORE]: Incorrect key tools_and_abilities.blowgun was corrected from null to its default, SimpleCommentedConfig:{}. 
[19Jul2025 03:04:42.463] [main/WARN] [net.minecraftforge.common.ForgeConfigSpec/CORE]: Incorrect key tools_and_abilities.blowgun.poison_duration was corrected from null to its default, 40. 
[19Jul2025 03:04:42.463] [main/WARN] [net.minecraftforge.common.ForgeConfigSpec/CORE]: Incorrect key tools_and_abilities.blowgun.attack_damage was corrected from null to its default, 1.0. 
[19Jul2025 03:04:42.463] [main/WARN] [net.minecraftforge.common.ForgeConfigSpec/CORE]: Incorrect key tools_and_abilities.earthrend_gauntlet was corrected from null to its default, SimpleCommentedConfig:{}. 
[19Jul2025 03:04:42.463] [main/WARN] [net.minecraftforge.common.ForgeConfigSpec/CORE]: Incorrect key tools_and_abilities.earthrend_gauntlet.attack_multiplier was corrected from null to its default, 1.0. 
[19Jul2025 03:04:42.464] [main/WARN] [net.minecraftforge.common.ForgeConfigSpec/CORE]: Incorrect key tools_and_abilities.earthrend_gauntlet.breakable was corrected from null to its default, false. 
[19Jul2025 03:04:42.465] [main/WARN] [net.minecraftforge.common.ForgeConfigSpec/CORE]: Incorrect key tools_and_abilities.earthrend_gauntlet.durability was corrected from null to its default, 400. 
[19Jul2025 03:04:42.465] [main/WARN] [net.minecraftforge.common.ForgeConfigSpec/CORE]: Incorrect key tools_and_abilities.earthrend_gauntlet.enable_tunneling was corrected from null to its default, true. 
[19Jul2025 03:04:42.466] [main/WARN] [net.minecraftforge.common.ForgeConfigSpec/CORE]: Incorrect key tools_and_abilities.earthrend_gauntlet.tool_config was corrected from null to its default, SimpleCommentedConfig:{}. 
[19Jul2025 03:04:42.467] [main/WARN] [net.minecraftforge.common.ForgeConfigSpec/CORE]: Incorrect key tools_and_abilities.earthrend_gauntlet.tool_config.attack_damage was corrected from null to its default, 6.0. 
[19Jul2025 03:04:42.467] [main/WARN] [net.minecraftforge.common.ForgeConfigSpec/CORE]: Incorrect key tools_and_abilities.earthrend_gauntlet.tool_config.attack_speed was corrected from null to its default, 1.2000000476837158. 
[19Jul2025 03:04:42.468] [main/WARN] [net.minecraftforge.common.ForgeConfigSpec/CORE]: Incorrect key tools_and_abilities.sculptor_staff was corrected from null to its default, SimpleCommentedConfig:{}. 
[19Jul2025 03:04:42.468] [main/WARN] [net.minecraftforge.common.ForgeConfigSpec/CORE]: Incorrect key tools_and_abilities.sculptor_staff.tool_config was corrected from null to its default, SimpleCommentedConfig:{}. 
[19Jul2025 03:04:42.469] [main/WARN] [net.minecraftforge.common.ForgeConfigSpec/CORE]: Incorrect key tools_and_abilities.sculptor_staff.tool_config.attack_damage was corrected from null to its default, 3.0. 
[19Jul2025 03:04:42.469] [main/WARN] [net.minecraftforge.common.ForgeConfigSpec/CORE]: Incorrect key tools_and_abilities.sculptor_staff.tool_config.attack_speed was corrected from null to its default, 1.0. 
[19Jul2025 03:04:42.469] [main/WARN] [net.minecraftforge.common.ForgeConfigSpec/CORE]: Incorrect key tools_and_abilities.sculptor_staff.attack_multiplier was corrected from null to its default, 1.0. 
[19Jul2025 03:04:42.471] [main/WARN] [net.minecraftforge.common.ForgeConfigSpec/CORE]: Incorrect key mobs was corrected from null to its default, SimpleCommentedConfig:{}. 
[19Jul2025 03:04:42.471] [main/WARN] [net.minecraftforge.common.ForgeConfigSpec/CORE]: Incorrect key mobs.frostmaw was corrected from null to its default, SimpleCommentedConfig:{}. 
[19Jul2025 03:04:42.472] [main/WARN] [net.minecraftforge.common.ForgeConfigSpec/CORE]: Incorrect key mobs.frostmaw.biome_config was corrected from null to its default, SimpleCommentedConfig:{}. 
[19Jul2025 03:04:42.472] [main/WARN] [net.minecraftforge.common.ForgeConfigSpec/CORE]: Incorrect key mobs.frostmaw.biome_config.biome_tags was corrected from null to its default, [forge:is_snowy,!minecraft:is_ocean,!minecraft:is_river,!minecraft:is_beach,!minecraft:is_forest,!minecraft:is_taiga]. 
[19Jul2025 03:04:42.473] [main/WARN] [net.minecraftforge.common.ForgeConfigSpec/CORE]: Incorrect key mobs.frostmaw.biome_config.biome_whitelist was corrected from null to its default, []. 
[19Jul2025 03:04:42.473] [main/WARN] [net.minecraftforge.common.ForgeConfigSpec/CORE]: Incorrect key mobs.frostmaw.biome_config.biome_blacklist was corrected from null to its default, []. 
[19Jul2025 03:04:42.473] [main/WARN] [net.minecraftforge.common.ForgeConfigSpec/CORE]: Incorrect key mobs.frostmaw.generation_config was corrected from null to its default, SimpleCommentedConfig:{}. 
[19Jul2025 03:04:42.473] [main/WARN] [net.minecraftforge.common.ForgeConfigSpec/CORE]: Incorrect key mobs.frostmaw.generation_config.generation_distance was corrected from null to its default, 25. 
[19Jul2025 03:04:42.474] [main/WARN] [net.minecraftforge.common.ForgeConfigSpec/CORE]: Incorrect key mobs.frostmaw.generation_config.generation_separation was corrected from null to its default, 8. 
[19Jul2025 03:04:42.474] [main/WARN] [net.minecraftforge.common.ForgeConfigSpec/CORE]: Incorrect key mobs.frostmaw.generation_config.height_max was corrected from null to its default, 100.0. 
[19Jul2025 03:04:42.474] [main/WARN] [net.minecraftforge.common.ForgeConfigSpec/CORE]: Incorrect key mobs.frostmaw.generation_config.height_min was corrected from null to its default, 50.0. 
[19Jul2025 03:04:42.474] [main/WARN] [net.minecraftforge.common.ForgeConfigSpec/CORE]: Incorrect key mobs.frostmaw.generation_config.avoid_structures was corrected from null to its default, [minecraft:villages, minecraft:pillager_outposts]. 
[19Jul2025 03:04:42.475] [main/WARN] [net.minecraftforge.common.ForgeConfigSpec/CORE]: Incorrect key mobs.frostmaw.combat_config was corrected from null to its default, SimpleCommentedConfig:{}. 
[19Jul2025 03:04:42.476] [main/WARN] [net.minecraftforge.common.ForgeConfigSpec/CORE]: Incorrect key mobs.frostmaw.combat_config.health_multiplier was corrected from null to its default, 1.0. 
[19Jul2025 03:04:42.476] [main/WARN] [net.minecraftforge.common.ForgeConfigSpec/CORE]: Incorrect key mobs.frostmaw.combat_config.attack_multiplier was corrected from null to its default, 1.0. 
[19Jul2025 03:04:42.477] [main/WARN] [net.minecraftforge.common.ForgeConfigSpec/CORE]: Incorrect key mobs.frostmaw.has_boss_bar was corrected from null to its default, true. 
[19Jul2025 03:04:42.477] [main/WARN] [net.minecraftforge.common.ForgeConfigSpec/CORE]: Incorrect key mobs.frostmaw.heals_out_of_battle was corrected from null to its default, true. 
[19Jul2025 03:04:42.478] [main/WARN] [net.minecraftforge.common.ForgeConfigSpec/CORE]: Incorrect key mobs.frostmaw.stealable_ice_crystal was corrected from null to its default, true. 
[19Jul2025 03:04:42.479] [main/WARN] [net.minecraftforge.common.ForgeConfigSpec/CORE]: Incorrect key mobs.frostmaw.reset_health_when_respawn was corrected from null to its default, true. 
[19Jul2025 03:04:42.479] [main/WARN] [net.minecraftforge.common.ForgeConfigSpec/CORE]: Incorrect key mobs.umvuthi was corrected from null to its default, SimpleCommentedConfig:{}. 
[19Jul2025 03:04:42.479] [main/WARN] [net.minecraftforge.common.ForgeConfigSpec/CORE]: Incorrect key mobs.umvuthi.biome_config was corrected from null to its default, SimpleCommentedConfig:{}. 
[19Jul2025 03:04:42.480] [main/WARN] [net.minecraftforge.common.ForgeConfigSpec/CORE]: Incorrect key mobs.umvuthi.biome_config.biome_tags was corrected from null to its default, [minecraft:is_savanna]. 
[19Jul2025 03:04:42.481] [main/WARN] [net.minecraftforge.common.ForgeConfigSpec/CORE]: Incorrect key mobs.umvuthi.biome_config.biome_whitelist was corrected from null to its default, []. 
[19Jul2025 03:04:42.481] [main/WARN] [net.minecraftforge.common.ForgeConfigSpec/CORE]: Incorrect key mobs.umvuthi.biome_config.biome_blacklist was corrected from null to its default, []. 
[19Jul2025 03:04:42.482] [main/WARN] [net.minecraftforge.common.ForgeConfigSpec/CORE]: Incorrect key mobs.umvuthi.generation_config was corrected from null to its default, SimpleCommentedConfig:{}. 
[19Jul2025 03:04:42.482] [main/WARN] [net.minecraftforge.common.ForgeConfigSpec/CORE]: Incorrect key mobs.umvuthi.generation_config.generation_distance was corrected from null to its default, 25. 
[19Jul2025 03:04:42.483] [main/WARN] [net.minecraftforge.common.ForgeConfigSpec/CORE]: Incorrect key mobs.umvuthi.generation_config.generation_separation was corrected from null to its default, 8. 
[19Jul2025 03:04:42.483] [main/WARN] [net.minecraftforge.common.ForgeConfigSpec/CORE]: Incorrect key mobs.umvuthi.generation_config.height_max was corrected from null to its default, 100.0. 
[19Jul2025 03:04:42.483] [main/WARN] [net.minecraftforge.common.ForgeConfigSpec/CORE]: Incorrect key mobs.umvuthi.generation_config.height_min was corrected from null to its default, 50.0. 
[19Jul2025 03:04:42.483] [main/WARN] [net.minecraftforge.common.ForgeConfigSpec/CORE]: Incorrect key mobs.umvuthi.generation_config.avoid_structures was corrected from null to its default, [minecraft:villages, minecraft:pillager_outposts]. 
[19Jul2025 03:04:42.484] [main/WARN] [net.minecraftforge.common.ForgeConfigSpec/CORE]: Incorrect key mobs.umvuthi.combat_config was corrected from null to its default, SimpleCommentedConfig:{}. 
[19Jul2025 03:04:42.484] [main/WARN] [net.minecraftforge.common.ForgeConfigSpec/CORE]: Incorrect key mobs.umvuthi.combat_config.health_multiplier was corrected from null to its default, 1.0. 
[19Jul2025 03:04:42.484] [main/WARN] [net.minecraftforge.common.ForgeConfigSpec/CORE]: Incorrect key mobs.umvuthi.combat_config.attack_multiplier was corrected from null to its default, 1.0. 
[19Jul2025 03:04:42.484] [main/WARN] [net.minecraftforge.common.ForgeConfigSpec/CORE]: Incorrect key mobs.umvuthi.has_boss_bar was corrected from null to its default, true. 
[19Jul2025 03:04:42.484] [main/WARN] [net.minecraftforge.common.ForgeConfigSpec/CORE]: Incorrect key mobs.umvuthi.heals_out_of_battle was corrected from null to its default, true. 
[19Jul2025 03:04:42.485] [main/WARN] [net.minecraftforge.common.ForgeConfigSpec/CORE]: Incorrect key mobs.umvuthi.trade_which_item was corrected from null to its default, minecraft:gold_block. 
[19Jul2025 03:04:42.485] [main/WARN] [net.minecraftforge.common.ForgeConfigSpec/CORE]: Incorrect key mobs.umvuthi.trade_how_many was corrected from null to its default, 7. 
[19Jul2025 03:04:42.485] [main/WARN] [net.minecraftforge.common.ForgeConfigSpec/CORE]: Incorrect key mobs.umvuthi.reset_health_when_respawn was corrected from null to its default, true. 
[19Jul2025 03:04:42.485] [main/WARN] [net.minecraftforge.common.ForgeConfigSpec/CORE]: Incorrect key mobs.ferrous_wroughtnaut was corrected from null to its default, SimpleCommentedConfig:{}. 
[19Jul2025 03:04:42.485] [main/WARN] [net.minecraftforge.common.ForgeConfigSpec/CORE]: Incorrect key mobs.ferrous_wroughtnaut.biome_config was corrected from null to its default, SimpleCommentedConfig:{}. 
[19Jul2025 03:04:42.485] [main/WARN] [net.minecraftforge.common.ForgeConfigSpec/CORE]: Incorrect key mobs.ferrous_wroughtnaut.biome_config.biome_tags was corrected from null to its default, [!minecraft:is_ocean]. 
[19Jul2025 03:04:42.486] [main/WARN] [net.minecraftforge.common.ForgeConfigSpec/CORE]: Incorrect key mobs.ferrous_wroughtnaut.biome_config.biome_whitelist was corrected from null to its default, []. 
[19Jul2025 03:04:42.486] [main/WARN] [net.minecraftforge.common.ForgeConfigSpec/CORE]: Incorrect key mobs.ferrous_wroughtnaut.biome_config.biome_blacklist was corrected from null to its default, []. 
[19Jul2025 03:04:42.486] [main/WARN] [net.minecraftforge.common.ForgeConfigSpec/CORE]: Incorrect key mobs.ferrous_wroughtnaut.generation_config was corrected from null to its default, SimpleCommentedConfig:{}. 
[19Jul2025 03:04:42.486] [main/WARN] [net.minecraftforge.common.ForgeConfigSpec/CORE]: Incorrect key mobs.ferrous_wroughtnaut.generation_config.generation_distance was corrected from null to its default, 15. 
[19Jul2025 03:04:42.486] [main/WARN] [net.minecraftforge.common.ForgeConfigSpec/CORE]: Incorrect key mobs.ferrous_wroughtnaut.generation_config.generation_separation was corrected from null to its default, 5. 
[19Jul2025 03:04:42.487] [main/WARN] [net.minecraftforge.common.ForgeConfigSpec/CORE]: Incorrect key mobs.ferrous_wroughtnaut.generation_config.height_max was corrected from null to its default, 50.0. 
[19Jul2025 03:04:42.487] [main/WARN] [net.minecraftforge.common.ForgeConfigSpec/CORE]: Incorrect key mobs.ferrous_wroughtnaut.generation_config.height_min was corrected from null to its default, 20.0. 
[19Jul2025 03:04:42.487] [main/WARN] [net.minecraftforge.common.ForgeConfigSpec/CORE]: Incorrect key mobs.ferrous_wroughtnaut.generation_config.avoid_structures was corrected from null to its default, []. 
[19Jul2025 03:04:42.487] [main/WARN] [net.minecraftforge.common.ForgeConfigSpec/CORE]: Incorrect key mobs.ferrous_wroughtnaut.combat_config was corrected from null to its default, SimpleCommentedConfig:{}. 
[19Jul2025 03:04:42.487] [main/WARN] [net.minecraftforge.common.ForgeConfigSpec/CORE]: Incorrect key mobs.ferrous_wroughtnaut.combat_config.health_multiplier was corrected from null to its default, 1.0. 
[19Jul2025 03:04:42.488] [main/WARN] [net.minecraftforge.common.ForgeConfigSpec/CORE]: Incorrect key mobs.ferrous_wroughtnaut.combat_config.attack_multiplier was corrected from null to its default, 1.0. 
[19Jul2025 03:04:42.488] [main/WARN] [net.minecraftforge.common.ForgeConfigSpec/CORE]: Incorrect key mobs.ferrous_wroughtnaut.has_boss_bar was corrected from null to its default, true. 
[19Jul2025 03:04:42.488] [main/WARN] [net.minecraftforge.common.ForgeConfigSpec/CORE]: Incorrect key mobs.ferrous_wroughtnaut.heals_out_of_battle was corrected from null to its default, true. 
[19Jul2025 03:04:42.488] [main/WARN] [net.minecraftforge.common.ForgeConfigSpec/CORE]: Incorrect key mobs.ferrous_wroughtnaut.reset_health_when_respawn was corrected from null to its default, true. 
[19Jul2025 03:04:42.488] [main/WARN] [net.minecraftforge.common.ForgeConfigSpec/CORE]: Incorrect key mobs.sculptor was corrected from null to its default, SimpleCommentedConfig:{}. 
[19Jul2025 03:04:42.489] [main/WARN] [net.minecraftforge.common.ForgeConfigSpec/CORE]: Incorrect key mobs.sculptor.biome_config was corrected from null to its default, SimpleCommentedConfig:{}. 
[19Jul2025 03:04:42.489] [main/WARN] [net.minecraftforge.common.ForgeConfigSpec/CORE]: Incorrect key mobs.sculptor.biome_config.biome_tags was corrected from null to its default, [forge:is_peak]. 
[19Jul2025 03:04:42.489] [main/WARN] [net.minecraftforge.common.ForgeConfigSpec/CORE]: Incorrect key mobs.sculptor.biome_config.biome_whitelist was corrected from null to its default, []. 
[19Jul2025 03:04:42.490] [main/WARN] [net.minecraftforge.common.ForgeConfigSpec/CORE]: Incorrect key mobs.sculptor.biome_config.biome_blacklist was corrected from null to its default, []. 
[19Jul2025 03:04:42.490] [main/WARN] [net.minecraftforge.common.ForgeConfigSpec/CORE]: Incorrect key mobs.sculptor.generation_config was corrected from null to its default, SimpleCommentedConfig:{}. 
[19Jul2025 03:04:42.490] [main/WARN] [net.minecraftforge.common.ForgeConfigSpec/CORE]: Incorrect key mobs.sculptor.generation_config.generation_distance was corrected from null to its default, 25. 
[19Jul2025 03:04:42.490] [main/WARN] [net.minecraftforge.common.ForgeConfigSpec/CORE]: Incorrect key mobs.sculptor.generation_config.generation_separation was corrected from null to its default, 8. 
[19Jul2025 03:04:42.491] [main/WARN] [net.minecraftforge.common.ForgeConfigSpec/CORE]: Incorrect key mobs.sculptor.generation_config.height_max was corrected from null to its default, 200.0. 
[19Jul2025 03:04:42.491] [main/WARN] [net.minecraftforge.common.ForgeConfigSpec/CORE]: Incorrect key mobs.sculptor.generation_config.height_min was corrected from null to its default, 120.0. 
[19Jul2025 03:04:42.491] [main/WARN] [net.minecraftforge.common.ForgeConfigSpec/CORE]: Incorrect key mobs.sculptor.generation_config.avoid_structures was corrected from null to its default, []. 
[19Jul2025 03:04:42.491] [main/WARN] [net.minecraftforge.common.ForgeConfigSpec/CORE]: Incorrect key mobs.sculptor.combat_config was corrected from null to its default, SimpleCommentedConfig:{}. 
[19Jul2025 03:04:42.492] [main/WARN] [net.minecraftforge.common.ForgeConfigSpec/CORE]: Incorrect key mobs.sculptor.combat_config.health_multiplier was corrected from null to its default, 1.0. 
[19Jul2025 03:04:42.492] [main/WARN] [net.minecraftforge.common.ForgeConfigSpec/CORE]: Incorrect key mobs.sculptor.combat_config.attack_multiplier was corrected from null to its default, 1.0. 
[19Jul2025 03:04:42.492] [main/WARN] [net.minecraftforge.common.ForgeConfigSpec/CORE]: Incorrect key mobs.sculptor.test_height was corrected from null to its default, 60. 
[19Jul2025 03:04:42.492] [main/WARN] [net.minecraftforge.common.ForgeConfigSpec/CORE]: Incorrect key mobs.sculptor.test_time_limit was corrected from null to its default, 400. 
[19Jul2025 03:04:42.493] [main/WARN] [net.minecraftforge.common.ForgeConfigSpec/CORE]: Incorrect key mobs.sculptor.heals_out_of_battle was corrected from null to its default, true. 
[19Jul2025 03:04:42.493] [main/WARN] [net.minecraftforge.common.ForgeConfigSpec/CORE]: Incorrect key mobs.sculptor.has_boss_bar was corrected from null to its default, true. 
[19Jul2025 03:04:42.493] [main/WARN] [net.minecraftforge.common.ForgeConfigSpec/CORE]: Incorrect key mobs.sculptor.trade_which_item was corrected from null to its default, mowziesmobs:bluff_rod. 
[19Jul2025 03:04:42.494] [main/WARN] [net.minecraftforge.common.ForgeConfigSpec/CORE]: Incorrect key mobs.sculptor.trade_how_many was corrected from null to its default, 1. 
[19Jul2025 03:04:42.494] [main/WARN] [net.minecraftforge.common.ForgeConfigSpec/CORE]: Incorrect key mobs.sculptor.disappear_after_reward was corrected from null to its default, true. 
[19Jul2025 03:04:42.495] [main/WARN] [net.minecraftforge.common.ForgeConfigSpec/CORE]: Incorrect key mobs.grottol was corrected from null to its default, SimpleCommentedConfig:{}. 
[19Jul2025 03:04:42.495] [main/WARN] [net.minecraftforge.common.ForgeConfigSpec/CORE]: Incorrect key mobs.grottol.biome_config was corrected from null to its default, SimpleCommentedConfig:{}. 
[19Jul2025 03:04:42.495] [main/WARN] [net.minecraftforge.common.ForgeConfigSpec/CORE]: Incorrect key mobs.grottol.biome_config.biome_tags was corrected from null to its default, [!forge:is_mushroom]. 
[19Jul2025 03:04:42.495] [main/WARN] [net.minecraftforge.common.ForgeConfigSpec/CORE]: Incorrect key mobs.grottol.biome_config.biome_whitelist was corrected from null to its default, []. 
[19Jul2025 03:04:42.495] [main/WARN] [net.minecraftforge.common.ForgeConfigSpec/CORE]: Incorrect key mobs.grottol.biome_config.biome_blacklist was corrected from null to its default, []. 
[19Jul2025 03:04:42.496] [main/WARN] [net.minecraftforge.common.ForgeConfigSpec/CORE]: Incorrect key mobs.grottol.spawn_config was corrected from null to its default, SimpleCommentedConfig:{}. 
[19Jul2025 03:04:42.496] [main/WARN] [net.minecraftforge.common.ForgeConfigSpec/CORE]: Incorrect key mobs.grottol.spawn_config.spawn_rate was corrected from null to its default, 2. 
[19Jul2025 03:04:42.496] [main/WARN] [net.minecraftforge.common.ForgeConfigSpec/CORE]: Incorrect key mobs.grottol.spawn_config.min_group_size was corrected from null to its default, 1. 
[19Jul2025 03:04:42.497] [main/WARN] [net.minecraftforge.common.ForgeConfigSpec/CORE]: Incorrect key mobs.grottol.spawn_config.max_group_size was corrected from null to its default, 1. 
[19Jul2025 03:04:42.497] [main/WARN] [net.minecraftforge.common.ForgeConfigSpec/CORE]: Incorrect key mobs.grottol.spawn_config.extra_rarity was corrected from null to its default, 1.0. 
[19Jul2025 03:04:42.497] [main/WARN] [net.minecraftforge.common.ForgeConfigSpec/CORE]: Incorrect key mobs.grottol.spawn_config.dimensions was corrected from null to its default, [minecraft:overworld]. 
[19Jul2025 03:04:42.498] [main/WARN] [net.minecraftforge.common.ForgeConfigSpec/CORE]: Incorrect key mobs.grottol.spawn_config.allowed_blocks was corrected from null to its default, []. 
[19Jul2025 03:04:42.498] [main/WARN] [net.minecraftforge.common.ForgeConfigSpec/CORE]: Incorrect key mobs.grottol.spawn_config.allowed_block_tags was corrected from null to its default, [minecraft:base_stone_overworld]. 
[19Jul2025 03:04:42.498] [main/WARN] [net.minecraftforge.common.ForgeConfigSpec/CORE]: Incorrect key mobs.grottol.spawn_config.height_max was corrected from null to its default, 16. 
[19Jul2025 03:04:42.499] [main/WARN] [net.minecraftforge.common.ForgeConfigSpec/CORE]: Incorrect key mobs.grottol.spawn_config.height_min was corrected from null to its default, -65. 
[19Jul2025 03:04:42.499] [main/WARN] [net.minecraftforge.common.ForgeConfigSpec/CORE]: Incorrect key mobs.grottol.spawn_config.needs_darkness was corrected from null to its default, true. 
[19Jul2025 03:04:42.500] [main/WARN] [net.minecraftforge.common.ForgeConfigSpec/CORE]: Incorrect key mobs.grottol.spawn_config.needs_see_sky was corrected from null to its default, false. 
[19Jul2025 03:04:42.500] [main/WARN] [net.minecraftforge.common.ForgeConfigSpec/CORE]: Incorrect key mobs.grottol.spawn_config.needs_cant_see_sky was corrected from null to its default, true. 
[19Jul2025 03:04:42.500] [main/WARN] [net.minecraftforge.common.ForgeConfigSpec/CORE]: Incorrect key mobs.grottol.spawn_config.avoid_structures was corrected from null to its default, []. 
[19Jul2025 03:04:42.500] [main/WARN] [net.minecraftforge.common.ForgeConfigSpec/CORE]: Incorrect key mobs.grottol.combat_config was corrected from null to its default, SimpleCommentedConfig:{}. 
[19Jul2025 03:04:42.501] [main/WARN] [net.minecraftforge.common.ForgeConfigSpec/CORE]: Incorrect key mobs.grottol.combat_config.health_multiplier was corrected from null to its default, 1.0. 
[19Jul2025 03:04:42.501] [main/WARN] [net.minecraftforge.common.ForgeConfigSpec/CORE]: Incorrect key mobs.grottol.combat_config.attack_multiplier was corrected from null to its default, 1.0. 
[19Jul2025 03:04:42.501] [main/WARN] [net.minecraftforge.common.ForgeConfigSpec/CORE]: Incorrect key mobs.lantern was corrected from null to its default, SimpleCommentedConfig:{}. 
[19Jul2025 03:04:42.502] [main/WARN] [net.minecraftforge.common.ForgeConfigSpec/CORE]: Incorrect key mobs.lantern.biome_config was corrected from null to its default, SimpleCommentedConfig:{}. 
[19Jul2025 03:04:42.502] [main/WARN] [net.minecraftforge.common.ForgeConfigSpec/CORE]: Incorrect key mobs.lantern.biome_config.biome_tags was corrected from null to its default, [minecraft:is_forest,mowziesmobs:is_magical,!forge:is_snowy]. 
[19Jul2025 03:04:42.502] [main/WARN] [net.minecraftforge.common.ForgeConfigSpec/CORE]: Incorrect key mobs.lantern.biome_config.biome_whitelist was corrected from null to its default, []. 
[19Jul2025 03:04:42.502] [main/WARN] [net.minecraftforge.common.ForgeConfigSpec/CORE]: Incorrect key mobs.lantern.biome_config.biome_blacklist was corrected from null to its default, []. 
[19Jul2025 03:04:42.502] [main/WARN] [net.minecraftforge.common.ForgeConfigSpec/CORE]: Incorrect key mobs.lantern.spawn_config was corrected from null to its default, SimpleCommentedConfig:{}. 
[19Jul2025 03:04:42.503] [main/WARN] [net.minecraftforge.common.ForgeConfigSpec/CORE]: Incorrect key mobs.lantern.spawn_config.spawn_rate was corrected from null to its default, 5. 
[19Jul2025 03:04:42.503] [main/WARN] [net.minecraftforge.common.ForgeConfigSpec/CORE]: Incorrect key mobs.lantern.spawn_config.min_group_size was corrected from null to its default, 2. 
[19Jul2025 03:04:42.503] [main/WARN] [net.minecraftforge.common.ForgeConfigSpec/CORE]: Incorrect key mobs.lantern.spawn_config.max_group_size was corrected from null to its default, 4. 
[19Jul2025 03:04:42.503] [main/WARN] [net.minecraftforge.common.ForgeConfigSpec/CORE]: Incorrect key mobs.lantern.spawn_config.extra_rarity was corrected from null to its default, 1.0. 
[19Jul2025 03:04:42.503] [main/WARN] [net.minecraftforge.common.ForgeConfigSpec/CORE]: Incorrect key mobs.lantern.spawn_config.dimensions was corrected from null to its default, [minecraft:overworld]. 
[19Jul2025 03:04:42.503] [main/WARN] [net.minecraftforge.common.ForgeConfigSpec/CORE]: Incorrect key mobs.lantern.spawn_config.allowed_blocks was corrected from null to its default, []. 
[19Jul2025 03:04:42.504] [main/WARN] [net.minecraftforge.common.ForgeConfigSpec/CORE]: Incorrect key mobs.lantern.spawn_config.allowed_block_tags was corrected from null to its default, [minecraft:animals_spawnable_on, minecraft:leaves, minecraft:logs]. 
[19Jul2025 03:04:42.504] [main/WARN] [net.minecraftforge.common.ForgeConfigSpec/CORE]: Incorrect key mobs.lantern.spawn_config.height_max was corrected from null to its default, -65. 
[19Jul2025 03:04:42.504] [main/WARN] [net.minecraftforge.common.ForgeConfigSpec/CORE]: Incorrect key mobs.lantern.spawn_config.height_min was corrected from null to its default, 60. 
[19Jul2025 03:04:42.505] [main/WARN] [net.minecraftforge.common.ForgeConfigSpec/CORE]: Incorrect key mobs.lantern.spawn_config.needs_darkness was corrected from null to its default, true. 
[19Jul2025 03:04:42.505] [main/WARN] [net.minecraftforge.common.ForgeConfigSpec/CORE]: Incorrect key mobs.lantern.spawn_config.needs_see_sky was corrected from null to its default, false. 
[19Jul2025 03:04:42.505] [main/WARN] [net.minecraftforge.common.ForgeConfigSpec/CORE]: Incorrect key mobs.lantern.spawn_config.needs_cant_see_sky was corrected from null to its default, false. 
[19Jul2025 03:04:42.505] [main/WARN] [net.minecraftforge.common.ForgeConfigSpec/CORE]: Incorrect key mobs.lantern.spawn_config.avoid_structures was corrected from null to its default, []. 
[19Jul2025 03:04:42.506] [main/WARN] [net.minecraftforge.common.ForgeConfigSpec/CORE]: Incorrect key mobs.lantern.combat_config was corrected from null to its default, SimpleCommentedConfig:{}. 
[19Jul2025 03:04:42.506] [main/WARN] [net.minecraftforge.common.ForgeConfigSpec/CORE]: Incorrect key mobs.lantern.combat_config.health_multiplier was corrected from null to its default, 1.0. 
[19Jul2025 03:04:42.506] [main/WARN] [net.minecraftforge.common.ForgeConfigSpec/CORE]: Incorrect key mobs.lantern.combat_config.attack_multiplier was corrected from null to its default, 1.0. 
[19Jul2025 03:04:42.507] [main/WARN] [net.minecraftforge.common.ForgeConfigSpec/CORE]: Incorrect key mobs.umvuthana was corrected from null to its default, SimpleCommentedConfig:{}. 
[19Jul2025 03:04:42.507] [main/WARN] [net.minecraftforge.common.ForgeConfigSpec/CORE]: Incorrect key mobs.umvuthana.biome_config was corrected from null to its default, SimpleCommentedConfig:{}. 
[19Jul2025 03:04:42.507] [main/WARN] [net.minecraftforge.common.ForgeConfigSpec/CORE]: Incorrect key mobs.umvuthana.biome_config.biome_tags was corrected from null to its default, [minecraft:is_savanna]. 
[19Jul2025 03:04:42.507] [main/WARN] [net.minecraftforge.common.ForgeConfigSpec/CORE]: Incorrect key mobs.umvuthana.biome_config.biome_whitelist was corrected from null to its default, []. 
[19Jul2025 03:04:42.508] [main/WARN] [net.minecraftforge.common.ForgeConfigSpec/CORE]: Incorrect key mobs.umvuthana.biome_config.biome_blacklist was corrected from null to its default, []. 
[19Jul2025 03:04:42.508] [main/WARN] [net.minecraftforge.common.ForgeConfigSpec/CORE]: Incorrect key mobs.umvuthana.spawn_config was corrected from null to its default, SimpleCommentedConfig:{}. 
[19Jul2025 03:04:42.508] [main/WARN] [net.minecraftforge.common.ForgeConfigSpec/CORE]: Incorrect key mobs.umvuthana.spawn_config.spawn_rate was corrected from null to its default, 5. 
[19Jul2025 03:04:42.508] [main/WARN] [net.minecraftforge.common.ForgeConfigSpec/CORE]: Incorrect key mobs.umvuthana.spawn_config.min_group_size was corrected from null to its default, 1. 
[19Jul2025 03:04:42.509] [main/WARN] [net.minecraftforge.common.ForgeConfigSpec/CORE]: Incorrect key mobs.umvuthana.spawn_config.max_group_size was corrected from null to its default, 1. 
[19Jul2025 03:04:42.509] [main/WARN] [net.minecraftforge.common.ForgeConfigSpec/CORE]: Incorrect key mobs.umvuthana.spawn_config.extra_rarity was corrected from null to its default, 1.0. 
[19Jul2025 03:04:42.509] [main/WARN] [net.minecraftforge.common.ForgeConfigSpec/CORE]: Incorrect key mobs.umvuthana.spawn_config.dimensions was corrected from null to its default, [minecraft:overworld]. 
[19Jul2025 03:04:42.509] [main/WARN] [net.minecraftforge.common.ForgeConfigSpec/CORE]: Incorrect key mobs.umvuthana.spawn_config.allowed_blocks was corrected from null to its default, []. 
[19Jul2025 03:04:42.509] [main/WARN] [net.minecraftforge.common.ForgeConfigSpec/CORE]: Incorrect key mobs.umvuthana.spawn_config.allowed_block_tags was corrected from null to its default, [minecraft:animals_spawnable_on, minecraft:sand]. 
[19Jul2025 03:04:42.510] [main/WARN] [net.minecraftforge.common.ForgeConfigSpec/CORE]: Incorrect key mobs.umvuthana.spawn_config.height_max was corrected from null to its default, -65. 
[19Jul2025 03:04:42.510] [main/WARN] [net.minecraftforge.common.ForgeConfigSpec/CORE]: Incorrect key mobs.umvuthana.spawn_config.height_min was corrected from null to its default, 60. 
[19Jul2025 03:04:42.510] [main/WARN] [net.minecraftforge.common.ForgeConfigSpec/CORE]: Incorrect key mobs.umvuthana.spawn_config.needs_darkness was corrected from null to its default, false. 
[19Jul2025 03:04:42.510] [main/WARN] [net.minecraftforge.common.ForgeConfigSpec/CORE]: Incorrect key mobs.umvuthana.spawn_config.needs_see_sky was corrected from null to its default, false. 
[19Jul2025 03:04:42.510] [main/WARN] [net.minecraftforge.common.ForgeConfigSpec/CORE]: Incorrect key mobs.umvuthana.spawn_config.needs_cant_see_sky was corrected from null to its default, false. 
[19Jul2025 03:04:42.511] [main/WARN] [net.minecraftforge.common.ForgeConfigSpec/CORE]: Incorrect key mobs.umvuthana.spawn_config.avoid_structures was corrected from null to its default, [minecraft:villages, minecraft:pillager_outposts, mowziesmobs:umvuthana_groves]. 
[19Jul2025 03:04:42.511] [main/WARN] [net.minecraftforge.common.ForgeConfigSpec/CORE]: Incorrect key mobs.umvuthana.combat_config was corrected from null to its default, SimpleCommentedConfig:{}. 
[19Jul2025 03:04:42.511] [main/WARN] [net.minecraftforge.common.ForgeConfigSpec/CORE]: Incorrect key mobs.umvuthana.combat_config.health_multiplier was corrected from null to its default, 1.0. 
[19Jul2025 03:04:42.511] [main/WARN] [net.minecraftforge.common.ForgeConfigSpec/CORE]: Incorrect key mobs.umvuthana.combat_config.attack_multiplier was corrected from null to its default, 1.0. 
[19Jul2025 03:04:42.511] [main/WARN] [net.minecraftforge.common.ForgeConfigSpec/CORE]: Incorrect key mobs.naga was corrected from null to its default, SimpleCommentedConfig:{}. 
[19Jul2025 03:04:42.511] [main/WARN] [net.minecraftforge.common.ForgeConfigSpec/CORE]: Incorrect key mobs.naga.biome_config was corrected from null to its default, SimpleCommentedConfig:{}. 
[19Jul2025 03:04:42.512] [main/WARN] [net.minecraftforge.common.ForgeConfigSpec/CORE]: Incorrect key mobs.naga.biome_config.biome_tags was corrected from null to its default, [minecraft:is_beach,minecraft:is_mountain, minecraft:is_beach,minecraft:is_hill]. 
[19Jul2025 03:04:42.512] [main/WARN] [net.minecraftforge.common.ForgeConfigSpec/CORE]: Incorrect key mobs.naga.biome_config.biome_whitelist was corrected from null to its default, [minecraft:stony_shore]. 
[19Jul2025 03:04:42.512] [main/WARN] [net.minecraftforge.common.ForgeConfigSpec/CORE]: Incorrect key mobs.naga.biome_config.biome_blacklist was corrected from null to its default, []. 
[19Jul2025 03:04:42.512] [main/WARN] [net.minecraftforge.common.ForgeConfigSpec/CORE]: Incorrect key mobs.naga.spawn_config was corrected from null to its default, SimpleCommentedConfig:{}. 
[19Jul2025 03:04:42.512] [main/WARN] [net.minecraftforge.common.ForgeConfigSpec/CORE]: Incorrect key mobs.naga.spawn_config.spawn_rate was corrected from null to its default, 20. 
[19Jul2025 03:04:42.512] [main/WARN] [net.minecraftforge.common.ForgeConfigSpec/CORE]: Incorrect key mobs.naga.spawn_config.min_group_size was corrected from null to its default, 1. 
[19Jul2025 03:04:42.513] [main/WARN] [net.minecraftforge.common.ForgeConfigSpec/CORE]: Incorrect key mobs.naga.spawn_config.max_group_size was corrected from null to its default, 2. 
[19Jul2025 03:04:42.513] [main/WARN] [net.minecraftforge.common.ForgeConfigSpec/CORE]: Incorrect key mobs.naga.spawn_config.extra_rarity was corrected from null to its default, 1.0. 
[19Jul2025 03:04:42.513] [main/WARN] [net.minecraftforge.common.ForgeConfigSpec/CORE]: Incorrect key mobs.naga.spawn_config.dimensions was corrected from null to its default, [minecraft:overworld]. 
[19Jul2025 03:04:42.513] [main/WARN] [net.minecraftforge.common.ForgeConfigSpec/CORE]: Incorrect key mobs.naga.spawn_config.allowed_blocks was corrected from null to its default, []. 
[19Jul2025 03:04:42.513] [main/WARN] [net.minecraftforge.common.ForgeConfigSpec/CORE]: Incorrect key mobs.naga.spawn_config.allowed_block_tags was corrected from null to its default, [minecraft:animals_spawnable_on, minecraft:base_stone_overworld]. 
[19Jul2025 03:04:42.513] [main/WARN] [net.minecraftforge.common.ForgeConfigSpec/CORE]: Incorrect key mobs.naga.spawn_config.height_max was corrected from null to its default, -65. 
[19Jul2025 03:04:42.514] [main/WARN] [net.minecraftforge.common.ForgeConfigSpec/CORE]: Incorrect key mobs.naga.spawn_config.height_min was corrected from null to its default, 68. 
[19Jul2025 03:04:42.514] [main/WARN] [net.minecraftforge.common.ForgeConfigSpec/CORE]: Incorrect key mobs.naga.spawn_config.needs_darkness was corrected from null to its default, true. 
[19Jul2025 03:04:42.514] [main/WARN] [net.minecraftforge.common.ForgeConfigSpec/CORE]: Incorrect key mobs.naga.spawn_config.needs_see_sky was corrected from null to its default, true. 
[19Jul2025 03:04:42.514] [main/WARN] [net.minecraftforge.common.ForgeConfigSpec/CORE]: Incorrect key mobs.naga.spawn_config.needs_cant_see_sky was corrected from null to its default, false. 
[19Jul2025 03:04:42.514] [main/WARN] [net.minecraftforge.common.ForgeConfigSpec/CORE]: Incorrect key mobs.naga.spawn_config.avoid_structures was corrected from null to its default, [minecraft:villages, minecraft:pillager_outposts]. 
[19Jul2025 03:04:42.514] [main/WARN] [net.minecraftforge.common.ForgeConfigSpec/CORE]: Incorrect key mobs.naga.combat_config was corrected from null to its default, SimpleCommentedConfig:{}. 
[19Jul2025 03:04:42.514] [main/WARN] [net.minecraftforge.common.ForgeConfigSpec/CORE]: Incorrect key mobs.naga.combat_config.health_multiplier was corrected from null to its default, 1.0. 
[19Jul2025 03:04:42.515] [main/WARN] [net.minecraftforge.common.ForgeConfigSpec/CORE]: Incorrect key mobs.naga.combat_config.attack_multiplier was corrected from null to its default, 1.0. 
[19Jul2025 03:04:42.515] [main/WARN] [net.minecraftforge.common.ForgeConfigSpec/CORE]: Incorrect key mobs.foliaath was corrected from null to its default, SimpleCommentedConfig:{}. 
[19Jul2025 03:04:42.515] [main/WARN] [net.minecraftforge.common.ForgeConfigSpec/CORE]: Incorrect key mobs.foliaath.biome_config was corrected from null to its default, SimpleCommentedConfig:{}. 
[19Jul2025 03:04:42.515] [main/WARN] [net.minecraftforge.common.ForgeConfigSpec/CORE]: Incorrect key mobs.foliaath.biome_config.biome_tags was corrected from null to its default, [minecraft:is_jungle]. 
[19Jul2025 03:04:42.515] [main/WARN] [net.minecraftforge.common.ForgeConfigSpec/CORE]: Incorrect key mobs.foliaath.biome_config.biome_whitelist was corrected from null to its default, []. 
[19Jul2025 03:04:42.515] [main/WARN] [net.minecraftforge.common.ForgeConfigSpec/CORE]: Incorrect key mobs.foliaath.biome_config.biome_blacklist was corrected from null to its default, []. 
[19Jul2025 03:04:42.516] [main/WARN] [net.minecraftforge.common.ForgeConfigSpec/CORE]: Incorrect key mobs.foliaath.spawn_config was corrected from null to its default, SimpleCommentedConfig:{}. 
[19Jul2025 03:04:42.516] [main/WARN] [net.minecraftforge.common.ForgeConfigSpec/CORE]: Incorrect key mobs.foliaath.spawn_config.spawn_rate was corrected from null to its default, 70. 
[19Jul2025 03:04:42.516] [main/WARN] [net.minecraftforge.common.ForgeConfigSpec/CORE]: Incorrect key mobs.foliaath.spawn_config.min_group_size was corrected from null to its default, 1. 
[19Jul2025 03:04:42.516] [main/WARN] [net.minecraftforge.common.ForgeConfigSpec/CORE]: Incorrect key mobs.foliaath.spawn_config.max_group_size was corrected from null to its default, 4. 
[19Jul2025 03:04:42.516] [main/WARN] [net.minecraftforge.common.ForgeConfigSpec/CORE]: Incorrect key mobs.foliaath.spawn_config.extra_rarity was corrected from null to its default, 1.0. 
[19Jul2025 03:04:42.516] [main/WARN] [net.minecraftforge.common.ForgeConfigSpec/CORE]: Incorrect key mobs.foliaath.spawn_config.dimensions was corrected from null to its default, [minecraft:overworld]. 
[19Jul2025 03:04:42.517] [main/WARN] [net.minecraftforge.common.ForgeConfigSpec/CORE]: Incorrect key mobs.foliaath.spawn_config.allowed_blocks was corrected from null to its default, []. 
[19Jul2025 03:04:42.517] [main/WARN] [net.minecraftforge.common.ForgeConfigSpec/CORE]: Incorrect key mobs.foliaath.spawn_config.allowed_block_tags was corrected from null to its default, [minecraft:animals_spawnable_on, minecraft:leaves, minecraft:logs]. 
[19Jul2025 03:04:42.517] [main/WARN] [net.minecraftforge.common.ForgeConfigSpec/CORE]: Incorrect key mobs.foliaath.spawn_config.height_max was corrected from null to its default, -65. 
[19Jul2025 03:04:42.517] [main/WARN] [net.minecraftforge.common.ForgeConfigSpec/CORE]: Incorrect key mobs.foliaath.spawn_config.height_min was corrected from null to its default, 60. 
[19Jul2025 03:04:42.517] [main/WARN] [net.minecraftforge.common.ForgeConfigSpec/CORE]: Incorrect key mobs.foliaath.spawn_config.needs_darkness was corrected from null to its default, true. 
[19Jul2025 03:04:42.517] [main/WARN] [net.minecraftforge.common.ForgeConfigSpec/CORE]: Incorrect key mobs.foliaath.spawn_config.needs_see_sky was corrected from null to its default, false. 
[19Jul2025 03:04:42.517] [main/WARN] [net.minecraftforge.common.ForgeConfigSpec/CORE]: Incorrect key mobs.foliaath.spawn_config.needs_cant_see_sky was corrected from null to its default, false. 
[19Jul2025 03:04:42.518] [main/WARN] [net.minecraftforge.common.ForgeConfigSpec/CORE]: Incorrect key mobs.foliaath.spawn_config.avoid_structures was corrected from null to its default, [minecraft:villages, minecraft:pillager_outposts]. 
[19Jul2025 03:04:42.518] [main/WARN] [net.minecraftforge.common.ForgeConfigSpec/CORE]: Incorrect key mobs.foliaath.combat_config was corrected from null to its default, SimpleCommentedConfig:{}. 
[19Jul2025 03:04:42.518] [main/WARN] [net.minecraftforge.common.ForgeConfigSpec/CORE]: Incorrect key mobs.foliaath.combat_config.health_multiplier was corrected from null to its default, 1.0. 
[19Jul2025 03:04:42.518] [main/WARN] [net.minecraftforge.common.ForgeConfigSpec/CORE]: Incorrect key mobs.foliaath.combat_config.attack_multiplier was corrected from null to its default, 1.0. 
[19Jul2025 03:04:42.518] [main/WARN] [net.minecraftforge.common.ForgeConfigSpec/CORE]: Incorrect key mobs.bluff was corrected from null to its default, SimpleCommentedConfig:{}. 
[19Jul2025 03:04:42.518] [main/WARN] [net.minecraftforge.common.ForgeConfigSpec/CORE]: Incorrect key mobs.bluff.biome_config was corrected from null to its default, SimpleCommentedConfig:{}. 
[19Jul2025 03:04:42.519] [main/WARN] [net.minecraftforge.common.ForgeConfigSpec/CORE]: Incorrect key mobs.bluff.biome_config.biome_tags was corrected from null to its default, []. 
[19Jul2025 03:04:42.519] [main/WARN] [net.minecraftforge.common.ForgeConfigSpec/CORE]: Incorrect key mobs.bluff.biome_config.biome_whitelist was corrected from null to its default, []. 
[19Jul2025 03:04:42.519] [main/WARN] [net.minecraftforge.common.ForgeConfigSpec/CORE]: Incorrect key mobs.bluff.biome_config.biome_blacklist was corrected from null to its default, []. 
[19Jul2025 03:04:42.519] [main/WARN] [net.minecraftforge.common.ForgeConfigSpec/CORE]: Incorrect key mobs.bluff.spawn_config was corrected from null to its default, SimpleCommentedConfig:{}. 
[19Jul2025 03:04:42.519] [main/WARN] [net.minecraftforge.common.ForgeConfigSpec/CORE]: Incorrect key mobs.bluff.spawn_config.spawn_rate was corrected from null to its default, 10. 
[19Jul2025 03:04:42.519] [main/WARN] [net.minecraftforge.common.ForgeConfigSpec/CORE]: Incorrect key mobs.bluff.spawn_config.min_group_size was corrected from null to its default, 2. 
[19Jul2025 03:04:42.520] [main/WARN] [net.minecraftforge.common.ForgeConfigSpec/CORE]: Incorrect key mobs.bluff.spawn_config.max_group_size was corrected from null to its default, 3. 
[19Jul2025 03:04:42.520] [main/WARN] [net.minecraftforge.common.ForgeConfigSpec/CORE]: Incorrect key mobs.bluff.spawn_config.extra_rarity was corrected from null to its default, 1.0. 
[19Jul2025 03:04:42.520] [main/WARN] [net.minecraftforge.common.ForgeConfigSpec/CORE]: Incorrect key mobs.bluff.spawn_config.dimensions was corrected from null to its default, [minecraft:overworld]. 
[19Jul2025 03:04:42.520] [main/WARN] [net.minecraftforge.common.ForgeConfigSpec/CORE]: Incorrect key mobs.bluff.spawn_config.allowed_blocks was corrected from null to its default, []. 
[19Jul2025 03:04:42.521] [main/WARN] [net.minecraftforge.common.ForgeConfigSpec/CORE]: Incorrect key mobs.bluff.spawn_config.allowed_block_tags was corrected from null to its default, []. 
[19Jul2025 03:04:42.521] [main/WARN] [net.minecraftforge.common.ForgeConfigSpec/CORE]: Incorrect key mobs.bluff.spawn_config.height_max was corrected from null to its default, -65. 
[19Jul2025 03:04:42.521] [main/WARN] [net.minecraftforge.common.ForgeConfigSpec/CORE]: Incorrect key mobs.bluff.spawn_config.height_min was corrected from null to its default, -65. 
[19Jul2025 03:04:42.521] [main/WARN] [net.minecraftforge.common.ForgeConfigSpec/CORE]: Incorrect key mobs.bluff.spawn_config.needs_darkness was corrected from null to its default, true. 
[19Jul2025 03:04:42.521] [main/WARN] [net.minecraftforge.common.ForgeConfigSpec/CORE]: Incorrect key mobs.bluff.spawn_config.needs_see_sky was corrected from null to its default, false. 
[19Jul2025 03:04:42.521] [main/WARN] [net.minecraftforge.common.ForgeConfigSpec/CORE]: Incorrect key mobs.bluff.spawn_config.needs_cant_see_sky was corrected from null to its default, true. 
[19Jul2025 03:04:42.522] [main/WARN] [net.minecraftforge.common.ForgeConfigSpec/CORE]: Incorrect key mobs.bluff.spawn_config.avoid_structures was corrected from null to its default, []. 
[19Jul2025 03:04:42.522] [main/WARN] [net.minecraftforge.common.ForgeConfigSpec/CORE]: Incorrect key mobs.bluff.combat_config was corrected from null to its default, SimpleCommentedConfig:{}. 
[19Jul2025 03:04:42.522] [main/WARN] [net.minecraftforge.common.ForgeConfigSpec/CORE]: Incorrect key mobs.bluff.combat_config.health_multiplier was corrected from null to its default, 1.0. 
[19Jul2025 03:04:42.522] [main/WARN] [net.minecraftforge.common.ForgeConfigSpec/CORE]: Incorrect key mobs.bluff.combat_config.attack_multiplier was corrected from null to its default, 1.0. 
[19Jul2025 03:04:42.531] [main/WARN] [net.minecraftforge.common.ForgeConfigSpec/CORE]: Configuration file /workspaces/Yeah/servidor_minecraft/config/cataclysm.toml is not correct. Correcting
[19Jul2025 03:04:42.531] [main/WARN] [net.minecraftforge.common.ForgeConfigSpec/CORE]: Incorrect key Etc was corrected from null to its default, SimpleCommentedConfig:{}. 
[19Jul2025 03:04:42.531] [main/WARN] [net.minecraftforge.common.ForgeConfigSpec/CORE]: Incorrect key Etc.lavaVisionOpacity was corrected from null to its default, 0.5. 
[19Jul2025 03:04:42.532] [main/WARN] [net.minecraftforge.common.ForgeConfigSpec/CORE]: Incorrect key Etc.shadersCompat was corrected from null to its default, false. 
[19Jul2025 03:04:42.532] [main/WARN] [net.minecraftforge.common.ForgeConfigSpec/CORE]: Incorrect key Etc.ScreenShake(on/off) was corrected from null to its default, true. 
[19Jul2025 03:04:42.532] [main/WARN] [net.minecraftforge.common.ForgeConfigSpec/CORE]: Incorrect key Etc.setThirdPerson(on/off) was corrected from null to its default, true. 
[19Jul2025 03:04:42.532] [main/WARN] [net.minecraftforge.common.ForgeConfigSpec/CORE]: Incorrect key Etc.setFirstPerson(on/off) was corrected from null to its default, true. 
[19Jul2025 03:04:42.533] [main/WARN] [net.minecraftforge.common.ForgeConfigSpec/CORE]: Incorrect key bosses Common settings was corrected from null to its default, SimpleCommentedConfig:{}. 
[19Jul2025 03:04:42.533] [main/WARN] [net.minecraftforge.common.ForgeConfigSpec/CORE]: Incorrect key bosses Common settings.custombossbar(on/off) was corrected from null to its default, true. 
[19Jul2025 03:04:42.533] [main/WARN] [net.minecraftforge.common.ForgeConfigSpec/CORE]: Incorrect key bosses Common settings.BossMusic(on/off) was corrected from null to its default, true. 
[19Jul2025 03:04:42.533] [main/WARN] [net.minecraftforge.common.ForgeConfigSpec/CORE]: Incorrect key bosses Common settings.BossMusicVolume was corrected from null to its default, 1. 
[19Jul2025 03:04:42.533] [main/WARN] [net.minecraftforge.common.ForgeConfigSpec/CORE]: Incorrect key bosses Common settings.ReturnHome was corrected from null to its default, 20. 
[19Jul2025 03:04:42.534] [main/WARN] [net.minecraftforge.common.ForgeConfigSpec/CORE]: Incorrect key Weapon was corrected from null to its default, SimpleCommentedConfig:{}. 
[19Jul2025 03:04:42.534] [main/WARN] [net.minecraftforge.common.ForgeConfigSpec/CORE]: Incorrect key Weapon.Armor Infinity Durability(on/off) was corrected from null to its default, true. 
[19Jul2025 03:04:42.534] [main/WARN] [net.minecraftforge.common.ForgeConfigSpec/CORE]: Incorrect key Weapon.BulwarkOfTheFlameCooldown was corrected from null to its default, 80. 
[19Jul2025 03:04:42.534] [main/WARN] [net.minecraftforge.common.ForgeConfigSpec/CORE]: Incorrect key Weapon.GauntletOfBulwarkCooldown was corrected from null to its default, 80. 
[19Jul2025 03:04:42.534] [main/WARN] [net.minecraftforge.common.ForgeConfigSpec/CORE]: Incorrect key Weapon.InfernalForgeCooldown was corrected from null to its default, 80. 
[19Jul2025 03:04:42.535] [main/WARN] [net.minecraftforge.common.ForgeConfigSpec/CORE]: Incorrect key Weapon.VoidForgeCooldown was corrected from null to its default, 120. 
[19Jul2025 03:04:42.535] [main/WARN] [net.minecraftforge.common.ForgeConfigSpec/CORE]: Incorrect key Weapon.TheIncineratorCooldown was corrected from null to its default, 400. 
[19Jul2025 03:04:42.535] [main/WARN] [net.minecraftforge.common.ForgeConfigSpec/CORE]: Incorrect key Weapon.WASWMissileCooldown was corrected from null to its default, 40. 
[19Jul2025 03:04:42.535] [main/WARN] [net.minecraftforge.common.ForgeConfigSpec/CORE]: Incorrect key Weapon.WASW's WitherMissiledamage was corrected from null to its default, 16.0. 
[19Jul2025 03:04:42.535] [main/WARN] [net.minecraftforge.common.ForgeConfigSpec/CORE]: Incorrect key Weapon.WASWHowitzerCooldown was corrected from null to its default, 100. 
[19Jul2025 03:04:42.535] [main/WARN] [net.minecraftforge.common.ForgeConfigSpec/CORE]: Incorrect key Weapon.VASWCooldown was corrected from null to its default, 120. 
[19Jul2025 03:04:42.536] [main/WARN] [net.minecraftforge.common.ForgeConfigSpec/CORE]: Incorrect key Weapon.VoidCoreCooldown was corrected from null to its default, 160. 
[19Jul2025 03:04:42.536] [main/WARN] [net.minecraftforge.common.ForgeConfigSpec/CORE]: Incorrect key Weapon.Sandstormcooldown was corrected from null to its default, 300. 
[19Jul2025 03:04:42.536] [main/WARN] [net.minecraftforge.common.ForgeConfigSpec/CORE]: Incorrect key Weapon.SoulRenderCooldown was corrected from null to its default, 100. 
[19Jul2025 03:04:42.536] [main/WARN] [net.minecraftforge.common.ForgeConfigSpec/CORE]: Incorrect key Weapon.gauntletofMaelstromCooldown was corrected from null to its default, 180. 
[19Jul2025 03:04:42.536] [main/WARN] [net.minecraftforge.common.ForgeConfigSpec/CORE]: Incorrect key Weapon.immolatorCooldown was corrected from null to its default, 300. 
[19Jul2025 03:04:42.537] [main/WARN] [net.minecraftforge.common.ForgeConfigSpec/CORE]: Incorrect key Weapon.Ceraunus 's Lightning Storm Damage was corrected from null to its default, 6.0. 
[19Jul2025 03:04:42.537] [main/WARN] [net.minecraftforge.common.ForgeConfigSpec/CORE]: Incorrect key Weapon.Ceraunus's Wave Damage' was corrected from null to its default, 6.0. 
[19Jul2025 03:04:42.537] [main/WARN] [net.minecraftforge.common.ForgeConfigSpec/CORE]: Incorrect key Weapon.Ceraunus Cooldown was corrected from null to its default, 150. 
[19Jul2025 03:04:42.537] [main/WARN] [net.minecraftforge.common.ForgeConfigSpec/CORE]: Incorrect key Weapon.Astrape's Lightning Spear Damage was corrected from null to its default, 11.0. 
[19Jul2025 03:04:42.537] [main/WARN] [net.minecraftforge.common.ForgeConfigSpec/CORE]: Incorrect key Weapon.Astrape's Area Damage' was corrected from null to its default, 2.0. 
[19Jul2025 03:04:42.537] [main/WARN] [net.minecraftforge.common.ForgeConfigSpec/CORE]: Incorrect key Weapon.Astrape Cooldown was corrected from null to its default, 80. 
[19Jul2025 03:04:42.539] [main/WARN] [net.minecraftforge.common.ForgeConfigSpec/CORE]: Incorrect key Block was corrected from null to its default, SimpleCommentedConfig:{}. 
[19Jul2025 03:04:42.539] [main/WARN] [net.minecraftforge.common.ForgeConfigSpec/CORE]: Incorrect key Block.Cursed Tombstone Summon cooldown Minute was corrected from null to its default, 1. 
[19Jul2025 03:04:42.539] [main/WARN] [net.minecraftforge.common.ForgeConfigSpec/CORE]: Incorrect key Entity damage was corrected from null to its default, SimpleCommentedConfig:{}. 
[19Jul2025 03:04:42.540] [main/WARN] [net.minecraftforge.common.ForgeConfigSpec/CORE]: Incorrect key Entity damage.Voidrunedamage was corrected from null to its default, 7.0. 
[19Jul2025 03:04:42.540] [main/WARN] [net.minecraftforge.common.ForgeConfigSpec/CORE]: Incorrect key Entity damage.Ashenbreathdamage was corrected from null to its default, 4.0. 
[19Jul2025 03:04:42.540] [main/WARN] [net.minecraftforge.common.ForgeConfigSpec/CORE]: Incorrect key Entity damage.DeathLaserdamage was corrected from null to its default, 5.0. 
[19Jul2025 03:04:42.540] [main/WARN] [net.minecraftforge.common.ForgeConfigSpec/CORE]: Incorrect key Entity damage.DeathLaserHpdamage was corrected from null to its default, 5.0. 
[19Jul2025 03:04:42.540] [main/WARN] [net.minecraftforge.common.ForgeConfigSpec/CORE]: Incorrect key Entity damage.Laserdamage was corrected from null to its default, 7.0. 
[19Jul2025 03:04:42.540] [main/WARN] [net.minecraftforge.common.ForgeConfigSpec/CORE]: Incorrect key Entity damage.BlazingBonedamage was corrected from null to its default, 5.0. 
[19Jul2025 03:04:42.541] [main/WARN] [net.minecraftforge.common.ForgeConfigSpec/CORE]: Incorrect key Entity damage.LionfishSpikedamage was corrected from null to its default, 4.0. 
[19Jul2025 03:04:42.541] [main/WARN] [net.minecraftforge.common.ForgeConfigSpec/CORE]: Incorrect key Entity damage.WitherHowizterdamage was corrected from null to its default, 8.0. 
[19Jul2025 03:04:42.541] [main/WARN] [net.minecraftforge.common.ForgeConfigSpec/CORE]: Incorrect key Entity damage.DimensionalRiftdamage was corrected from null to its default, 10.0. 
[19Jul2025 03:04:42.541] [main/WARN] [net.minecraftforge.common.ForgeConfigSpec/CORE]: Incorrect key Entity damage.WitherHomingMissiledamage was corrected from null to its default, 3.0. 
[19Jul2025 03:04:42.541] [main/WARN] [net.minecraftforge.common.ForgeConfigSpec/CORE]: Incorrect key Entity damage.AbyssBlastdamage was corrected from null to its default, 10.0. 
[19Jul2025 03:04:42.541] [main/WARN] [net.minecraftforge.common.ForgeConfigSpec/CORE]: Incorrect key Entity damage.AbyssBlastHpdamage was corrected from null to its default, 0.1. 
[19Jul2025 03:04:42.541] [main/WARN] [net.minecraftforge.common.ForgeConfigSpec/CORE]: Incorrect key Entity damage.AbyssOrbdamage was corrected from null to its default, 4.0. 
[19Jul2025 03:04:42.541] [main/WARN] [net.minecraftforge.common.ForgeConfigSpec/CORE]: Incorrect key Entity damage.Lavabombradius was corrected from null to its default, 2. 
[19Jul2025 03:04:42.541] [main/WARN] [net.minecraftforge.common.ForgeConfigSpec/CORE]: Incorrect key Entity damage.Amethyst Cluster Damage was corrected from null to its default, 12.0. 
[19Jul2025 03:04:42.541] [main/WARN] [net.minecraftforge.common.ForgeConfigSpec/CORE]: Incorrect key Entity damage.Sandstorm Damage was corrected from null to its default, 5.0. 
[19Jul2025 03:04:42.541] [main/WARN] [net.minecraftforge.common.ForgeConfigSpec/CORE]: Incorrect key Entity damage.Ancient Desert Stele Damage was corrected from null to its default, 18.0. 
[19Jul2025 03:04:42.542] [main/WARN] [net.minecraftforge.common.ForgeConfigSpec/CORE]: Incorrect key Entity damage.Phantom Arrow Damage was corrected from null to its default, 5.0. 
[19Jul2025 03:04:42.542] [main/WARN] [net.minecraftforge.common.ForgeConfigSpec/CORE]: Incorrect key Entity damage.Phantom Halberd Damage was corrected from null to its default, 12.0. 
[19Jul2025 03:04:42.542] [main/WARN] [net.minecraftforge.common.ForgeConfigSpec/CORE]: Incorrect key Entity damage.Cursed Sandstorm Damage was corrected from null to its default, 6.0. 
[19Jul2025 03:04:42.542] [main/WARN] [net.minecraftforge.common.ForgeConfigSpec/CORE]: Incorrect key Entity damage.Flame Jet Damage was corrected from null to its default, 7.0. 
[19Jul2025 03:04:42.542] [main/WARN] [net.minecraftforge.common.ForgeConfigSpec/CORE]: Incorrect key Entity damage.Flare Bomb Damage was corrected from null to its default, 7.0. 
[19Jul2025 03:04:42.543] [main/WARN] [net.minecraftforge.common.ForgeConfigSpec/CORE]: Incorrect key Ender Guardian was corrected from null to its default, SimpleCommentedConfig:{}. 
[19Jul2025 03:04:42.543] [main/WARN] [net.minecraftforge.common.ForgeConfigSpec/CORE]: Incorrect key Ender Guardian.EnderGuardianHealthMultiplier was corrected from null to its default, 1.0. 
[19Jul2025 03:04:42.543] [main/WARN] [net.minecraftforge.common.ForgeConfigSpec/CORE]: Incorrect key Ender Guardian.EnderGuardianDamageMultiplier was corrected from null to its default, 1.0. 
[19Jul2025 03:04:42.543] [main/WARN] [net.minecraftforge.common.ForgeConfigSpec/CORE]: Incorrect key Ender Guardian.EnderGuardianDamageCap was corrected from null to its default, 22.0. 
[19Jul2025 03:04:42.543] [main/WARN] [net.minecraftforge.common.ForgeConfigSpec/CORE]: Incorrect key Ender Guardian.EnderGuardianDamageTime was corrected from null to its default, 30. 
[19Jul2025 03:04:42.543] [main/WARN] [net.minecraftforge.common.ForgeConfigSpec/CORE]: Incorrect key Ender Guardian.EnderGuardianNatureHealing was corrected from null to its default, 25.0. 
[19Jul2025 03:04:42.543] [main/WARN] [net.minecraftforge.common.ForgeConfigSpec/CORE]: Incorrect key Ender Guardian.EnderguardianBlockBreaking was corrected from null to its default, true. 
[19Jul2025 03:04:42.544] [main/WARN] [net.minecraftforge.common.ForgeConfigSpec/CORE]: Incorrect key Ender Guardian.Guardian's prevent attacks from far away Range was corrected from null to its default, 12.0. 
[19Jul2025 03:04:42.544] [main/WARN] [net.minecraftforge.common.ForgeConfigSpec/CORE]: Incorrect key Ender Guardian.Guardian's gravity Punch Hp Damage was corrected from null to its default, 0.05. 
[19Jul2025 03:04:42.544] [main/WARN] [net.minecraftforge.common.ForgeConfigSpec/CORE]: Incorrect key Ender Guardian.Guardian's Teleport attack Hp Damage was corrected from null to its default, 0.05. 
[19Jul2025 03:04:42.544] [main/WARN] [net.minecraftforge.common.ForgeConfigSpec/CORE]: Incorrect key Ender Guardian.Guardian's knockback Hp Damage was corrected from null to its default, 0.06. 
[19Jul2025 03:04:42.544] [main/WARN] [net.minecraftforge.common.ForgeConfigSpec/CORE]: Incorrect key Ender Guardian.Guardian's Uppercut Hp Damage was corrected from null to its default, 0.1. 
[19Jul2025 03:04:42.544] [main/WARN] [net.minecraftforge.common.ForgeConfigSpec/CORE]: Incorrect key Ender Guardian.Guardian's RocketPunch Hp Damage was corrected from null to its default, 0.1. 
[19Jul2025 03:04:42.544] [main/WARN] [net.minecraftforge.common.ForgeConfigSpec/CORE]: Incorrect key Ender Guardian.Guardian's area attack Hp Damage was corrected from null to its default, 0.08. 
[19Jul2025 03:04:42.545] [main/WARN] [net.minecraftforge.common.ForgeConfigSpec/CORE]: Incorrect key Ender Guardian.EnderGuardianBlockBreaking X was corrected from null to its default, 15. 
[19Jul2025 03:04:42.545] [main/WARN] [net.minecraftforge.common.ForgeConfigSpec/CORE]: Incorrect key Ender Guardian.EnderGuardianBlockBreaking Y was corrected from null to its default, 2. 
[19Jul2025 03:04:42.545] [main/WARN] [net.minecraftforge.common.ForgeConfigSpec/CORE]: Incorrect key Ender Guardian.EnderGuardianBlockBreaking Z was corrected from null to its default, 15. 
[19Jul2025 03:04:42.546] [main/WARN] [net.minecraftforge.common.ForgeConfigSpec/CORE]: Incorrect key Netherite Monstrosity was corrected from null to its default, SimpleCommentedConfig:{}. 
[19Jul2025 03:04:42.546] [main/WARN] [net.minecraftforge.common.ForgeConfigSpec/CORE]: Incorrect key Netherite Monstrosity.LavabombMagazine was corrected from null to its default, 3. 
[19Jul2025 03:04:42.546] [main/WARN] [net.minecraftforge.common.ForgeConfigSpec/CORE]: Incorrect key Netherite Monstrosity.Lavabombamount was corrected from null to its default, 3. 
[19Jul2025 03:04:42.547] [main/WARN] [net.minecraftforge.common.ForgeConfigSpec/CORE]: Incorrect key Netherite Monstrosity.LavaBombDuration was corrected from null to its default, 350. 
[19Jul2025 03:04:42.547] [main/WARN] [net.minecraftforge.common.ForgeConfigSpec/CORE]: Incorrect key Netherite Monstrosity.LavaBombRandomDuration was corrected from null to its default, 150. 
[19Jul2025 03:04:42.547] [main/WARN] [net.minecraftforge.common.ForgeConfigSpec/CORE]: Incorrect key Netherite Monstrosity.MonstrosityHealthMultiplier was corrected from null to its default, 1.0. 
[19Jul2025 03:04:42.548] [main/WARN] [net.minecraftforge.common.ForgeConfigSpec/CORE]: Incorrect key Netherite Monstrosity.MonstrosityDamageMultiplier was corrected from null to its default, 1.0. 
[19Jul2025 03:04:42.548] [main/WARN] [net.minecraftforge.common.ForgeConfigSpec/CORE]: Incorrect key Netherite Monstrosity.MonstrosityHealingMultiplier was corrected from null to its default, 1.0. 
[19Jul2025 03:04:42.548] [main/WARN] [net.minecraftforge.common.ForgeConfigSpec/CORE]: Incorrect key Netherite Monstrosity.MonstrosityNatureHealing was corrected from null to its default, 25.0. 
[19Jul2025 03:04:42.548] [main/WARN] [net.minecraftforge.common.ForgeConfigSpec/CORE]: Incorrect key Netherite Monstrosity.MonstrosityDamageCap was corrected from null to its default, 22.0. 
[19Jul2025 03:04:42.549] [main/WARN] [net.minecraftforge.common.ForgeConfigSpec/CORE]: Incorrect key Netherite Monstrosity.MonstrosityDamageTime was corrected from null to its default, 10. 
[19Jul2025 03:04:42.549] [main/WARN] [net.minecraftforge.common.ForgeConfigSpec/CORE]: Incorrect key Netherite Monstrosity.NetheritemonstrosityBodyBloking was corrected from null to its default, true. 
[19Jul2025 03:04:42.549] [main/WARN] [net.minecraftforge.common.ForgeConfigSpec/CORE]: Incorrect key Netherite Monstrosity.Monstrosity's attack Hp Damage was corrected from null to its default, 0.08. 
[19Jul2025 03:04:42.549] [main/WARN] [net.minecraftforge.common.ForgeConfigSpec/CORE]: Incorrect key Netherite Monstrosity.Monstrosity's prevent attacks from far away Range was corrected from null to its default, 18.0. 
[19Jul2025 03:04:42.549] [main/WARN] [net.minecraftforge.common.ForgeConfigSpec/CORE]: Incorrect key Netherite Monstrosity.monstrosityBlockBreaking was corrected from null to its default, true. 
[19Jul2025 03:04:42.550] [main/WARN] [net.minecraftforge.common.ForgeConfigSpec/CORE]: Incorrect key Ender Golem was corrected from null to its default, SimpleCommentedConfig:{}. 
[19Jul2025 03:04:42.550] [main/WARN] [net.minecraftforge.common.ForgeConfigSpec/CORE]: Incorrect key Ender Golem.EndergolemBlockBreaking was corrected from null to its default, false. 
[19Jul2025 03:04:42.551] [main/WARN] [net.minecraftforge.common.ForgeConfigSpec/CORE]: Incorrect key Ender Golem.Endergolem's prevent attacks from far away Range was corrected from null to its default, 6.0. 
[19Jul2025 03:04:42.551] [main/WARN] [net.minecraftforge.common.ForgeConfigSpec/CORE]: Incorrect key Ender Golem.GolemHealthMultiplier was corrected from null to its default, 1.0. 
[19Jul2025 03:04:42.551] [main/WARN] [net.minecraftforge.common.ForgeConfigSpec/CORE]: Incorrect key Ender Golem.GolemDamageMultiplier was corrected from null to its default, 1.0. 
[19Jul2025 03:04:42.552] [main/WARN] [net.minecraftforge.common.ForgeConfigSpec/CORE]: Incorrect key Ignis was corrected from null to its default, SimpleCommentedConfig:{}. 
[19Jul2025 03:04:42.552] [main/WARN] [net.minecraftforge.common.ForgeConfigSpec/CORE]: Incorrect key Ignis.IgnisHealthMultiplier was corrected from null to its default, 1.0. 
[19Jul2025 03:04:42.552] [main/WARN] [net.minecraftforge.common.ForgeConfigSpec/CORE]: Incorrect key Ignis.IgnisDamageMultiplier was corrected from null to its default, 1.0. 
[19Jul2025 03:04:42.553] [main/WARN] [net.minecraftforge.common.ForgeConfigSpec/CORE]: Incorrect key Ignis.IgnisNatureHealing was corrected from null to its default, 25.0. 
[19Jul2025 03:04:42.553] [main/WARN] [net.minecraftforge.common.ForgeConfigSpec/CORE]: Incorrect key Ignis.IgnisHealingMultiplier was corrected from null to its default, 1.0. 
[19Jul2025 03:04:42.553] [main/WARN] [net.minecraftforge.common.ForgeConfigSpec/CORE]: Incorrect key Ignis.Ignis's prevent attacks from far away Range was corrected from null to its default, 15.0. 
[19Jul2025 03:04:42.553] [main/WARN] [net.minecraftforge.common.ForgeConfigSpec/CORE]: Incorrect key Ignis.IgnisDamageCap was corrected from null to its default, 20.0. 
[19Jul2025 03:04:42.554] [main/WARN] [net.minecraftforge.common.ForgeConfigSpec/CORE]: Incorrect key Ignis.IgnisDamageTime was corrected from null to its default, 15. 
[19Jul2025 03:04:42.554] [main/WARN] [net.minecraftforge.common.ForgeConfigSpec/CORE]: Incorrect key Ignis.IgnisBlockBreaking was corrected from null to its default, true. 
[19Jul2025 03:04:42.555] [main/WARN] [net.minecraftforge.common.ForgeConfigSpec/CORE]: Incorrect key revenant was corrected from null to its default, SimpleCommentedConfig:{}. 
[19Jul2025 03:04:42.555] [main/WARN] [net.minecraftforge.common.ForgeConfigSpec/CORE]: Incorrect key revenant.RevenantHealthMultiplier was corrected from null to its default, 1.0. 
[19Jul2025 03:04:42.555] [main/WARN] [net.minecraftforge.common.ForgeConfigSpec/CORE]: Incorrect key revenant.RevenantDamageMultiplier was corrected from null to its default, 1.0. 
[19Jul2025 03:04:42.556] [main/WARN] [net.minecraftforge.common.ForgeConfigSpec/CORE]: Incorrect key The Prowler was corrected from null to its default, SimpleCommentedConfig:{}. 
[19Jul2025 03:04:42.556] [main/WARN] [net.minecraftforge.common.ForgeConfigSpec/CORE]: Incorrect key The Prowler.The Prowler's prevent attacks from far away Range was corrected from null to its default, 16.0. 
[19Jul2025 03:04:42.557] [main/WARN] [net.minecraftforge.common.ForgeConfigSpec/CORE]: Incorrect key The Prowler.ProwlerHealthMultiplier was corrected from null to its default, 1.0. 
[19Jul2025 03:04:42.557] [main/WARN] [net.minecraftforge.common.ForgeConfigSpec/CORE]: Incorrect key The Prowler.ProwlerDamageMultiplier was corrected from null to its default, 1.0. 
[19Jul2025 03:04:42.558] [main/WARN] [net.minecraftforge.common.ForgeConfigSpec/CORE]: Incorrect key The Harbinger was corrected from null to its default, SimpleCommentedConfig:{}. 
[19Jul2025 03:04:42.558] [main/WARN] [net.minecraftforge.common.ForgeConfigSpec/CORE]: Incorrect key The Harbinger.HarbingerHealthMultiplier was corrected from null to its default, 1.0. 
[19Jul2025 03:04:42.559] [main/WARN] [net.minecraftforge.common.ForgeConfigSpec/CORE]: Incorrect key The Harbinger.HarbingerDamageMultiplier was corrected from null to its default, 1.0. 
[19Jul2025 03:04:42.559] [main/WARN] [net.minecraftforge.common.ForgeConfigSpec/CORE]: Incorrect key The Harbinger.HarbingerHealingMultiplier was corrected from null to its default, 1.0. 
[19Jul2025 03:04:42.559] [main/WARN] [net.minecraftforge.common.ForgeConfigSpec/CORE]: Incorrect key The Harbinger.Harbinger's WitherMissiledamage was corrected from null to its default, 8.0. 
[19Jul2025 03:04:42.559] [main/WARN] [net.minecraftforge.common.ForgeConfigSpec/CORE]: Incorrect key The Harbinger.Harbinger's laser damage was corrected from null to its default, 5.0. 
[19Jul2025 03:04:42.560] [main/WARN] [net.minecraftforge.common.ForgeConfigSpec/CORE]: Incorrect key The Harbinger.The Harbinger's prevent attacks from far away Range was corrected from null to its default, 35.0. 
[19Jul2025 03:04:42.560] [main/WARN] [net.minecraftforge.common.ForgeConfigSpec/CORE]: Incorrect key The Harbinger.The Harbinger DamageCap was corrected from null to its default, 22.0. 
[19Jul2025 03:04:42.560] [main/WARN] [net.minecraftforge.common.ForgeConfigSpec/CORE]: Incorrect key The Harbinger.The Harbinger DamageTime was corrected from null to its default, 12. 
[19Jul2025 03:04:42.560] [main/WARN] [net.minecraftforge.common.ForgeConfigSpec/CORE]: Incorrect key The Harbinger.The Harbinger Light A Fire was corrected from null to its default, true. 
[19Jul2025 03:04:42.561] [main/WARN] [net.minecraftforge.common.ForgeConfigSpec/CORE]: Incorrect key The Harbinger.The Harbinger's charge attack Hp Damage was corrected from null to its default, 0.06. 
[19Jul2025 03:04:42.562] [main/WARN] [net.minecraftforge.common.ForgeConfigSpec/CORE]: Incorrect key The Leviathan was corrected from null to its default, SimpleCommentedConfig:{}. 
[19Jul2025 03:04:42.562] [main/WARN] [net.minecraftforge.common.ForgeConfigSpec/CORE]: Incorrect key The Leviathan.LeviathanHealthMultiplier was corrected from null to its default, 1.0. 
[19Jul2025 03:04:42.562] [main/WARN] [net.minecraftforge.common.ForgeConfigSpec/CORE]: Incorrect key The Leviathan.LeviathanDamageMultiplier was corrected from null to its default, 1.0. 
[19Jul2025 03:04:42.562] [main/WARN] [net.minecraftforge.common.ForgeConfigSpec/CORE]: Incorrect key The Leviathan.LeviathanNatureHealing was corrected from null to its default, 25.0. 
[19Jul2025 03:04:42.563] [main/WARN] [net.minecraftforge.common.ForgeConfigSpec/CORE]: Incorrect key The Leviathan.Leviathan's prevent attacks from far away Range was corrected from null to its default, 38.0. 
[19Jul2025 03:04:42.563] [main/WARN] [net.minecraftforge.common.ForgeConfigSpec/CORE]: Incorrect key The Leviathan.Leviathan's Bite Hp Damage was corrected from null to its default, 0.1. 
[19Jul2025 03:04:42.563] [main/WARN] [net.minecraftforge.common.ForgeConfigSpec/CORE]: Incorrect key The Leviathan.Leviathan's Rush Hp Damage was corrected from null to its default, 0.05. 
[19Jul2025 03:04:42.563] [main/WARN] [net.minecraftforge.common.ForgeConfigSpec/CORE]: Incorrect key The Leviathan.Leviathan's TailSwing Hp Damage was corrected from null to its default, 0.08. 
[19Jul2025 03:04:42.563] [main/WARN] [net.minecraftforge.common.ForgeConfigSpec/CORE]: Incorrect key The Leviathan.Leviathan's Tentacle Hp Damage was corrected from null to its default, 0.03. 
[19Jul2025 03:04:42.564] [main/WARN] [net.minecraftforge.common.ForgeConfigSpec/CORE]: Incorrect key The Leviathan.LeviathanDamageCap was corrected from null to its default, 20.0. 
[19Jul2025 03:04:42.564] [main/WARN] [net.minecraftforge.common.ForgeConfigSpec/CORE]: Incorrect key The Leviathan.Leviathan DamageTime was corrected from null to its default, 15. 
[19Jul2025 03:04:42.564] [main/WARN] [net.minecraftforge.common.ForgeConfigSpec/CORE]: Incorrect key The Leviathan.LeviathanBlockBreaking was corrected from null to its default, true. 
[19Jul2025 03:04:42.564] [main/WARN] [net.minecraftforge.common.ForgeConfigSpec/CORE]: Incorrect key The Leviathan.LeviathanImmuneOutofWater was corrected from null to its default, true. 
[19Jul2025 03:04:42.565] [main/WARN] [net.minecraftforge.common.ForgeConfigSpec/CORE]: Incorrect key The Baby Leviathan was corrected from null to its default, SimpleCommentedConfig:{}. 
[19Jul2025 03:04:42.566] [main/WARN] [net.minecraftforge.common.ForgeConfigSpec/CORE]: Incorrect key The Baby Leviathan.BabyLeviathanHealthMultiplier was corrected from null to its default, 1.0. 
[19Jul2025 03:04:42.566] [main/WARN] [net.minecraftforge.common.ForgeConfigSpec/CORE]: Incorrect key The Baby Leviathan.BabyLeviathanDamageMultiplier was corrected from null to its default, 1.0. 
[19Jul2025 03:04:42.567] [main/WARN] [net.minecraftforge.common.ForgeConfigSpec/CORE]: Incorrect key Modern Remnant was corrected from null to its default, SimpleCommentedConfig:{}. 
[19Jul2025 03:04:42.567] [main/WARN] [net.minecraftforge.common.ForgeConfigSpec/CORE]: Incorrect key Modern Remnant.ModernRemnantHealthMultiplier was corrected from null to its default, 1.0. 
[19Jul2025 03:04:42.567] [main/WARN] [net.minecraftforge.common.ForgeConfigSpec/CORE]: Incorrect key Modern Remnant.ModernRemnantDamageMultiplier was corrected from null to its default, 1.0. 
[19Jul2025 03:04:42.569] [main/WARN] [net.minecraftforge.common.ForgeConfigSpec/CORE]: Incorrect key Netherite Ministrosity was corrected from null to its default, SimpleCommentedConfig:{}. 
[19Jul2025 03:04:42.569] [main/WARN] [net.minecraftforge.common.ForgeConfigSpec/CORE]: Incorrect key Netherite Ministrosity.MinistrosityHealthMultiplier was corrected from null to its default, 1.0. 
[19Jul2025 03:04:42.570] [main/WARN] [net.minecraftforge.common.ForgeConfigSpec/CORE]: Incorrect key Amethyst Crab was corrected from null to its default, SimpleCommentedConfig:{}. 
[19Jul2025 03:04:42.570] [main/WARN] [net.minecraftforge.common.ForgeConfigSpec/CORE]: Incorrect key Amethyst Crab.AmethystCrabHealthMultiplier was corrected from null to its default, 1.0. 
[19Jul2025 03:04:42.571] [main/WARN] [net.minecraftforge.common.ForgeConfigSpec/CORE]: Incorrect key Amethyst Crab.AmethystCrabEarthQuakeDamage was corrected from null to its default, 5.0. 
[19Jul2025 03:04:42.571] [main/WARN] [net.minecraftforge.common.ForgeConfigSpec/CORE]: Incorrect key Amethyst Crab.AmethystCrabDamageMultiplier was corrected from null to its default, 1.0. 
[19Jul2025 03:04:42.573] [main/WARN] [net.minecraftforge.common.ForgeConfigSpec/CORE]: Incorrect key Ancient Remnant was corrected from null to its default, SimpleCommentedConfig:{}. 
[19Jul2025 03:04:42.573] [main/WARN] [net.minecraftforge.common.ForgeConfigSpec/CORE]: Incorrect key Ancient Remnant.AncientRemnantHealthMultiplier was corrected from null to its default, 1.0. 
[19Jul2025 03:04:42.574] [main/WARN] [net.minecraftforge.common.ForgeConfigSpec/CORE]: Incorrect key Ancient Remnant.AncientRemnantDamageMultiplier was corrected from null to its default, 1.0. 
[19Jul2025 03:04:42.574] [main/WARN] [net.minecraftforge.common.ForgeConfigSpec/CORE]: Incorrect key Ancient Remnant.AncientRemnantNatureHealing was corrected from null to its default, 25.0. 
[19Jul2025 03:04:42.574] [main/WARN] [net.minecraftforge.common.ForgeConfigSpec/CORE]: Incorrect key Ancient Remnant.Ancient Remnant's prevent attacks from far away Range was corrected from null to its default, 14.0. 
[19Jul2025 03:04:42.574] [main/WARN] [net.minecraftforge.common.ForgeConfigSpec/CORE]: Incorrect key Ancient Remnant.AncientRemnantCap was corrected from null to its default, 21.0. 
[19Jul2025 03:04:42.574] [main/WARN] [net.minecraftforge.common.ForgeConfigSpec/CORE]: Incorrect key Ancient Remnant.Ancient Remnant DamageTime was corrected from null to its default, 12. 
[19Jul2025 03:04:42.575] [main/WARN] [net.minecraftforge.common.ForgeConfigSpec/CORE]: Incorrect key Ancient Remnant.AncientRemnantBlockBreaking was corrected from null to its default, true. 
[19Jul2025 03:04:42.575] [main/WARN] [net.minecraftforge.common.ForgeConfigSpec/CORE]: Incorrect key Ancient Remnant.Remnant's Charge Hp Damage was corrected from null to its default, 0.1. 
[19Jul2025 03:04:42.575] [main/WARN] [net.minecraftforge.common.ForgeConfigSpec/CORE]: Incorrect key Ancient Remnant.Remnant's Normal attack Hp Damage was corrected from null to its default, 0.05. 
[19Jul2025 03:04:42.575] [main/WARN] [net.minecraftforge.common.ForgeConfigSpec/CORE]: Incorrect key Ancient Remnant.Remnant's Stomp Hp Damage was corrected from null to its default, 0.03. 
[19Jul2025 03:04:42.575] [main/WARN] [net.minecraftforge.common.ForgeConfigSpec/CORE]: Incorrect key Ancient Remnant.Remnant's EarthQuakeDamage was corrected from null to its default, 11.0. 
[19Jul2025 03:04:42.577] [main/WARN] [net.minecraftforge.common.ForgeConfigSpec/CORE]: Incorrect key Koboleton was corrected from null to its default, SimpleCommentedConfig:{}. 
[19Jul2025 03:04:42.577] [main/WARN] [net.minecraftforge.common.ForgeConfigSpec/CORE]: Incorrect key Koboleton.CauseKoboletontoDropItemInHandPercent was corrected from null to its default, 5.0. 
[19Jul2025 03:04:42.578] [main/WARN] [net.minecraftforge.common.ForgeConfigSpec/CORE]: Incorrect key Kobolediator was corrected from null to its default, SimpleCommentedConfig:{}. 
[19Jul2025 03:04:42.578] [main/WARN] [net.minecraftforge.common.ForgeConfigSpec/CORE]: Incorrect key Kobolediator.KobolediatorBlockBreaking was corrected from null to its default, false. 
[19Jul2025 03:04:42.578] [main/WARN] [net.minecraftforge.common.ForgeConfigSpec/CORE]: Incorrect key Kobolediator.KobolediatorHealthMultiplier was corrected from null to its default, 1.0. 
[19Jul2025 03:04:42.578] [main/WARN] [net.minecraftforge.common.ForgeConfigSpec/CORE]: Incorrect key Kobolediator.KobolediatorDamageMultiplier was corrected from null to its default, 1.0. 
[19Jul2025 03:04:42.579] [main/WARN] [net.minecraftforge.common.ForgeConfigSpec/CORE]: Incorrect key Wadjet was corrected from null to its default, SimpleCommentedConfig:{}. 
[19Jul2025 03:04:42.580] [main/WARN] [net.minecraftforge.common.ForgeConfigSpec/CORE]: Incorrect key Wadjet.WadjetHealthMultiplier was corrected from null to its default, 1.0. 
[19Jul2025 03:04:42.580] [main/WARN] [net.minecraftforge.common.ForgeConfigSpec/CORE]: Incorrect key Wadjet.WadjetDamageMultiplier was corrected from null to its default, 1.0. 
[19Jul2025 03:04:42.581] [main/WARN] [net.minecraftforge.common.ForgeConfigSpec/CORE]: Incorrect key Aptrgangr was corrected from null to its default, SimpleCommentedConfig:{}. 
[19Jul2025 03:04:42.581] [main/WARN] [net.minecraftforge.common.ForgeConfigSpec/CORE]: Incorrect key Aptrgangr.AptrgangrHealthMultiplier was corrected from null to its default, 1.0. 
[19Jul2025 03:04:42.581] [main/WARN] [net.minecraftforge.common.ForgeConfigSpec/CORE]: Incorrect key Aptrgangr.AptrgangrDamageMultiplier was corrected from null to its default, 1.0. 
[19Jul2025 03:04:42.582] [main/WARN] [net.minecraftforge.common.ForgeConfigSpec/CORE]: Incorrect key Aptrgangr.AptrgangrAxeBladeDamage was corrected from null to its default, 8.0. 
[19Jul2025 03:04:42.582] [main/WARN] [net.minecraftforge.common.ForgeConfigSpec/CORE]: Incorrect key Clawdian was corrected from null to its default, SimpleCommentedConfig:{}. 
[19Jul2025 03:04:42.583] [main/WARN] [net.minecraftforge.common.ForgeConfigSpec/CORE]: Incorrect key Clawdian.ClawdianHealthMultiplier was corrected from null to its default, 1.0. 
[19Jul2025 03:04:42.583] [main/WARN] [net.minecraftforge.common.ForgeConfigSpec/CORE]: Incorrect key Clawdian.ClawdianDamageMultiplier was corrected from null to its default, 1.0. 
[19Jul2025 03:04:42.583] [main/WARN] [net.minecraftforge.common.ForgeConfigSpec/CORE]: Incorrect key Scylla was corrected from null to its default, SimpleCommentedConfig:{}. 
[19Jul2025 03:04:42.584] [main/WARN] [net.minecraftforge.common.ForgeConfigSpec/CORE]: Incorrect key Scylla.ScyllaHealthMultiplier was corrected from null to its default, 1.0. 
[19Jul2025 03:04:42.584] [main/WARN] [net.minecraftforge.common.ForgeConfigSpec/CORE]: Incorrect key Scylla.ScyllaDamageMultiplier was corrected from null to its default, 1.0. 
[19Jul2025 03:04:42.584] [main/WARN] [net.minecraftforge.common.ForgeConfigSpec/CORE]: Incorrect key Scylla.Scylla's prevent attacks from far away Range was corrected from null to its default, 10.0. 
[19Jul2025 03:04:42.584] [main/WARN] [net.minecraftforge.common.ForgeConfigSpec/CORE]: Incorrect key Scylla.Scylla's Spear Damage was corrected from null to its default, 14.0. 
[19Jul2025 03:04:42.584] [main/WARN] [net.minecraftforge.common.ForgeConfigSpec/CORE]: Incorrect key Scylla.Scylla's Lightning Storm was corrected from null to its default, 10.0. 
[19Jul2025 03:04:42.584] [main/WARN] [net.minecraftforge.common.ForgeConfigSpec/CORE]: Incorrect key Scylla.Scylla's Lightning Area was corrected from null to its default, 4.0. 
[19Jul2025 03:04:42.584] [main/WARN] [net.minecraftforge.common.ForgeConfigSpec/CORE]: Incorrect key Scylla.Scylla's Snake Damage was corrected from null to its default, 16.0. 
[19Jul2025 03:04:42.585] [main/WARN] [net.minecraftforge.common.ForgeConfigSpec/CORE]: Incorrect key Scylla.Scylla's Anchor Damage was corrected from null to its default, 16.0. 
[19Jul2025 03:04:42.585] [main/WARN] [net.minecraftforge.common.ForgeConfigSpec/CORE]: Incorrect key Scylla.Scylla NatureHealing was corrected from null to its default, 25.0. 
[19Jul2025 03:04:42.585] [main/WARN] [net.minecraftforge.common.ForgeConfigSpec/CORE]: Incorrect key Scylla.Scylla DamageCap was corrected from null to its default, 22.0. 
[19Jul2025 03:04:42.585] [main/WARN] [net.minecraftforge.common.ForgeConfigSpec/CORE]: Incorrect key Scylla.Scylla DamageTime was corrected from null to its default, 25. 
[19Jul2025 03:04:42.585] [main/WARN] [net.minecraftforge.common.ForgeConfigSpec/CORE]: Incorrect key Scylla.Scylla's HP Damage was corrected from null to its default, 0.05. 
[19Jul2025 03:04:42.585] [main/WARN] [net.minecraftforge.common.ForgeConfigSpec/CORE]: Incorrect key Scylla.Scylla's Spin Hp Damage was corrected from null to its default, 0.07. 
[19Jul2025 03:04:42.585] [main/WARN] [net.minecraftforge.common.ForgeConfigSpec/CORE]: Incorrect key Scylla.Scylla's Lightning Storm HP Damage was corrected from null to its default, 0.04. 
[19Jul2025 03:04:42.587] [main/WARN] [net.minecraftforge.common.ForgeConfigSpec/CORE]: Incorrect key Maledictus was corrected from null to its default, SimpleCommentedConfig:{}. 
[19Jul2025 03:04:42.587] [main/WARN] [net.minecraftforge.common.ForgeConfigSpec/CORE]: Incorrect key Maledictus.MaledictusHealthMultiplier was corrected from null to its default, 1.0. 
[19Jul2025 03:04:42.587] [main/WARN] [net.minecraftforge.common.ForgeConfigSpec/CORE]: Incorrect key Maledictus.MaledictusDamageMultiplier was corrected from null to its default, 1.0. 
[19Jul2025 03:04:42.587] [main/WARN] [net.minecraftforge.common.ForgeConfigSpec/CORE]: Incorrect key Maledictus.Maledictus's prevent attacks from far away Range was corrected from null to its default, 12.0. 
[19Jul2025 03:04:42.587] [main/WARN] [net.minecraftforge.common.ForgeConfigSpec/CORE]: Incorrect key Maledictus.MaledictusNatureHealing was corrected from null to its default, 25.0. 
[19Jul2025 03:04:42.587] [main/WARN] [net.minecraftforge.common.ForgeConfigSpec/CORE]: Incorrect key Maledictus.Maledictus' Phantom Halberd Damage' was corrected from null to its default, 10.0. 
[19Jul2025 03:04:42.588] [main/WARN] [net.minecraftforge.common.ForgeConfigSpec/CORE]: Incorrect key Maledictus.MaledictusDamageCap was corrected from null to its default, 20.0. 
[19Jul2025 03:04:42.588] [main/WARN] [net.minecraftforge.common.ForgeConfigSpec/CORE]: Incorrect key Maledictus.Maledictus DamageTime was corrected from null to its default, 30. 
[19Jul2025 03:04:42.588] [main/WARN] [net.minecraftforge.common.ForgeConfigSpec/CORE]: Incorrect key Maledictus.Maledictus's melee Hp Damage was corrected from null to its default, 0.05. 
[19Jul2025 03:04:42.588] [main/WARN] [net.minecraftforge.common.ForgeConfigSpec/CORE]: Incorrect key Maledictus.Maledictus's Shock Wave Hp Damage was corrected from null to its default, 0.03. 
[19Jul2025 03:04:42.589] [main/WARN] [net.minecraftforge.common.ForgeConfigSpec/CORE]: Incorrect key Maledictus.Maledictus's AOE Hp Damage was corrected from null to its default, 0.15. 
[19Jul2025 03:04:42.589] [main/WARN] [net.minecraftforge.common.ForgeConfigSpec/CORE]: Incorrect key Maledictus.Maledictus's Flying Smash Hp Damage was corrected from null to its default, 0.1. 
[19Jul2025 03:04:42.589] [main/WARN] [net.minecraftforge.common.ForgeConfigSpec/CORE]: Incorrect key Maledictus.Maledictus's Jump Smash Hp Damage was corrected from null to its default, 0.08. 
[19Jul2025 03:04:42.589] [main/WARN] [net.minecraftforge.common.ForgeConfigSpec/CORE]: Incorrect key Maledictus.Maledictus's Phantom Arrow Damage was corrected from null to its default, 5.0. 
[19Jul2025 03:04:42.590] [main/WARN] [net.minecraftforge.common.ForgeConfigSpec/CORE]: Incorrect key Maledictus.MaledictusBlockBreaking was corrected from null to its default, true. 
[19Jul2025 03:04:42.591] [main/WARN] [net.minecraftforge.common.ForgeConfigSpec/CORE]: Incorrect key spawning was corrected from null to its default, SimpleCommentedConfig:{}. 
[19Jul2025 03:04:42.591] [main/WARN] [net.minecraftforge.common.ForgeConfigSpec/CORE]: Incorrect key spawning.DeeplingSpawnWeight was corrected from null to its default, 2. 
[19Jul2025 03:04:42.591] [main/WARN] [net.minecraftforge.common.ForgeConfigSpec/CORE]: Incorrect key spawning.DeeplingSpawnRolls was corrected from null to its default, 30. 
[19Jul2025 03:04:42.591] [main/WARN] [net.minecraftforge.common.ForgeConfigSpec/CORE]: Incorrect key spawning.DeeplingBruteSpawnWeight was corrected from null to its default, 1. 
[19Jul2025 03:04:42.591] [main/WARN] [net.minecraftforge.common.ForgeConfigSpec/CORE]: Incorrect key spawning.DeeplingBruteSpawnRolls was corrected from null to its default, 50. 
[19Jul2025 03:04:42.591] [main/WARN] [net.minecraftforge.common.ForgeConfigSpec/CORE]: Incorrect key spawning.DeeplingAnglerSpawnWeight was corrected from null to its default, 2. 
[19Jul2025 03:04:42.591] [main/WARN] [net.minecraftforge.common.ForgeConfigSpec/CORE]: Incorrect key spawning.DeeplingAnglerSpawnRolls was corrected from null to its default, 30. 
[19Jul2025 03:04:42.592] [main/WARN] [net.minecraftforge.common.ForgeConfigSpec/CORE]: Incorrect key spawning.DeeplingPriestSpawnWeight was corrected from null to its default, 1. 
[19Jul2025 03:04:42.592] [main/WARN] [net.minecraftforge.common.ForgeConfigSpec/CORE]: Incorrect key spawning.DeeplingPriestSpawnRolls was corrected from null to its default, 70. 
[19Jul2025 03:04:42.592] [main/WARN] [net.minecraftforge.common.ForgeConfigSpec/CORE]: Incorrect key spawning.DeeplingWarlockSpawnWeight was corrected from null to its default, 1. 
[19Jul2025 03:04:42.592] [main/WARN] [net.minecraftforge.common.ForgeConfigSpec/CORE]: Incorrect key spawning.DeeplingWarlockSpawnRolls was corrected from null to its default, 70. 
[19Jul2025 03:04:42.592] [main/WARN] [net.minecraftforge.common.ForgeConfigSpec/CORE]: Incorrect key spawning.CoralgolemSpawnWeight was corrected from null to its default, 1. 
[19Jul2025 03:04:42.592] [main/WARN] [net.minecraftforge.common.ForgeConfigSpec/CORE]: Incorrect key spawning.CoralgolemSpawnRolls was corrected from null to its default, 70. 
[19Jul2025 03:04:42.592] [main/WARN] [net.minecraftforge.common.ForgeConfigSpec/CORE]: Incorrect key spawning.AmethystCrabSpawnWeight was corrected from null to its default, 1. 
[19Jul2025 03:04:42.593] [main/WARN] [net.minecraftforge.common.ForgeConfigSpec/CORE]: Incorrect key spawning.AmethystCrabSpawnRolls was corrected from null to its default, 20. 
[19Jul2025 03:04:42.593] [main/WARN] [net.minecraftforge.common.ForgeConfigSpec/CORE]: Incorrect key spawning.KoboletonSpawnWeight was corrected from null to its default, 15. 
[19Jul2025 03:04:42.593] [main/WARN] [net.minecraftforge.common.ForgeConfigSpec/CORE]: Incorrect key spawning.KoboletonSpawnRolls was corrected from null to its default, 1. 
[19Jul2025 03:04:42.593] [main/WARN] [net.minecraftforge.common.ForgeConfigSpec/CORE]: Incorrect key spawning.IgnitedBerserkerSpawnWeight was corrected from null to its default, 5. 
[19Jul2025 03:04:42.593] [main/WARN] [net.minecraftforge.common.ForgeConfigSpec/CORE]: Incorrect key spawning.IgnitedBerserkerSpawnRolls was corrected from null to its default, 2. 
[19Jul2025 03:04:42.595] [main/WARN] [net.minecraftforge.common.ForgeConfigSpec/CORE]: Incorrect key World Generation was corrected from null to its default, SimpleCommentedConfig:{}. 
[19Jul2025 03:04:42.595] [main/WARN] [net.minecraftforge.common.ForgeConfigSpec/CORE]: Incorrect key World Generation.cursedPyramidCheckRange was corrected from null to its default, 2. 
[19Jul2025 03:04:42.595] [main/WARN] [net.minecraftforge.common.ForgeConfigSpec/CORE]: Incorrect key World Generation.cursedPyramidHeightVariance was corrected from null to its default, 2. 
[19Jul2025 03:04:42.621] [main/WARN] [net.minecraftforge.common.ForgeConfigSpec/CORE]: Configuration file /workspaces/Yeah/servidor_minecraft/config/curios-common.toml is not correct. Correcting
[19Jul2025 03:04:42.621] [main/WARN] [net.minecraftforge.common.ForgeConfigSpec/CORE]: Incorrect key slots was corrected from null to its default, []. 
[19Jul2025 03:04:42.623] [main/WARN] [net.minecraftforge.common.ForgeConfigSpec/CORE]: Configuration file /workspaces/Yeah/servidor_minecraft/config/citadel-common.toml is not correct. Correcting
[19Jul2025 03:04:42.623] [main/WARN] [net.minecraftforge.common.ForgeConfigSpec/CORE]: Incorrect key general was corrected from null to its default, SimpleCommentedConfig:{}. 
[19Jul2025 03:04:42.623] [main/WARN] [net.minecraftforge.common.ForgeConfigSpec/CORE]: Incorrect key general.Track Entities was corrected from null to its default, true. 
[19Jul2025 03:04:42.623] [main/WARN] [net.minecraftforge.common.ForgeConfigSpec/CORE]: Incorrect key general.Skip Datapack Warnings was corrected from null to its default, true. 
[19Jul2025 03:04:42.623] [main/WARN] [net.minecraftforge.common.ForgeConfigSpec/CORE]: Incorrect key general.chunkGenSpawnModifier was corrected from null to its default, 1.0. 
[19Jul2025 03:04:42.624] [main/WARN] [net.minecraftforge.common.ForgeConfigSpec/CORE]: Incorrect key general.April Fools Content was corrected from null to its default, true. 
[19Jul2025 03:04:42.625] [main/WARN] [net.minecraftforge.common.ForgeConfigSpec/CORE]: Configuration file /workspaces/Yeah/servidor_minecraft/config/alexscaves-general.toml is not correct. Correcting
[19Jul2025 03:04:42.625] [main/WARN] [net.minecraftforge.common.ForgeConfigSpec/CORE]: Incorrect key generation was corrected from null to its default, SimpleCommentedConfig:{}. 
[19Jul2025 03:04:42.625] [main/WARN] [net.minecraftforge.common.ForgeConfigSpec/CORE]: Incorrect key generation.cave_biome_mean_width was corrected from null to its default, 300.0. 
[19Jul2025 03:04:42.625] [main/WARN] [net.minecraftforge.common.ForgeConfigSpec/CORE]: Incorrect key generation.cave_biome_mean_separation was corrected from null to its default, 900. 
[19Jul2025 03:04:42.625] [main/WARN] [net.minecraftforge.common.ForgeConfigSpec/CORE]: Incorrect key generation.cave_biome_width_randomness was corrected from null to its default, 0.15. 
[19Jul2025 03:04:42.625] [main/WARN] [net.minecraftforge.common.ForgeConfigSpec/CORE]: Incorrect key generation.cave_biome_spacing_randomness was corrected from null to its default, 0.45. 
[19Jul2025 03:04:42.626] [main/WARN] [net.minecraftforge.common.ForgeConfigSpec/CORE]: Incorrect key generation.warn_generation_incompatibility was corrected from null to its default, true. 
[19Jul2025 03:04:42.626] [main/WARN] [net.minecraftforge.common.ForgeConfigSpec/CORE]: Incorrect key mob-spawning was corrected from null to its default, SimpleCommentedConfig:{}. 
[19Jul2025 03:04:42.626] [main/WARN] [net.minecraftforge.common.ForgeConfigSpec/CORE]: Incorrect key mob-spawning.cave_creature_spawn_count_modifier was corrected from null to its default, 1.75. 
[19Jul2025 03:04:42.626] [main/WARN] [net.minecraftforge.common.ForgeConfigSpec/CORE]: Incorrect key mob-spawning.drowned_diving_gear_spawn_chance was corrected from null to its default, 0.2. 
[19Jul2025 03:04:42.627] [main/WARN] [net.minecraftforge.common.ForgeConfigSpec/CORE]: Incorrect key mob-behavior was corrected from null to its default, SimpleCommentedConfig:{}. 
[19Jul2025 03:04:42.627] [main/WARN] [net.minecraftforge.common.ForgeConfigSpec/CORE]: Incorrect key mob-behavior.pathfinding_threads was corrected from null to its default, 5. 
[19Jul2025 03:04:42.627] [main/WARN] [net.minecraftforge.common.ForgeConfigSpec/CORE]: Incorrect key mob-behavior.luxtructosaurus_block_drop_chance was corrected from null to its default, 0.75. 
[19Jul2025 03:04:42.627] [main/WARN] [net.minecraftforge.common.ForgeConfigSpec/CORE]: Incorrect key mob-behavior.atlatitan_max_block_explosion_resistance was corrected from null to its default, 10. 
[19Jul2025 03:04:42.627] [main/WARN] [net.minecraftforge.common.ForgeConfigSpec/CORE]: Incorrect key mob-behavior.nucleeper_fuse_time was corrected from null to its default, 300. 
[19Jul2025 03:04:42.627] [main/WARN] [net.minecraftforge.common.ForgeConfigSpec/CORE]: Incorrect key mob-behavior.devastating_tremorzilla_beam was corrected from null to its default, true. 
[19Jul2025 03:04:42.627] [main/WARN] [net.minecraftforge.common.ForgeConfigSpec/CORE]: Incorrect key mob-behavior.watcher_possession was corrected from null to its default, true. 
[19Jul2025 03:04:42.627] [main/WARN] [net.minecraftforge.common.ForgeConfigSpec/CORE]: Incorrect key mob-behavior.watcher_possession_cooldown was corrected from null to its default, 300. 
[19Jul2025 03:04:42.628] [main/WARN] [net.minecraftforge.common.ForgeConfigSpec/CORE]: Incorrect key block-behavior was corrected from null to its default, SimpleCommentedConfig:{}. 
[19Jul2025 03:04:42.628] [main/WARN] [net.minecraftforge.common.ForgeConfigSpec/CORE]: Incorrect key block-behavior.walking_on_magnets was corrected from null to its default, true. 
[19Jul2025 03:04:42.628] [main/WARN] [net.minecraftforge.common.ForgeConfigSpec/CORE]: Incorrect key block-behavior.amber_monolith_mean_time was corrected from null to its default, 32000. 
[19Jul2025 03:04:42.628] [main/WARN] [net.minecraftforge.common.ForgeConfigSpec/CORE]: Incorrect key block-behavior.nuclear_furnace_blasting_only was corrected from null to its default, true. 
[19Jul2025 03:04:42.628] [main/WARN] [net.minecraftforge.common.ForgeConfigSpec/CORE]: Incorrect key block-behavior.nuclear_furnace_custom_type was corrected from null to its default, false. 
[19Jul2025 03:04:42.629] [main/WARN] [net.minecraftforge.common.ForgeConfigSpec/CORE]: Incorrect key item-behavior was corrected from null to its default, SimpleCommentedConfig:{}. 
[19Jul2025 03:04:42.629] [main/WARN] [net.minecraftforge.common.ForgeConfigSpec/CORE]: Incorrect key item-behavior.only_one_research_needed was corrected from null to its default, false. 
[19Jul2025 03:04:42.629] [main/WARN] [net.minecraftforge.common.ForgeConfigSpec/CORE]: Incorrect key item-behavior.cave_map_search_attempts was corrected from null to its default, 128000. 
[19Jul2025 03:04:42.629] [main/WARN] [net.minecraftforge.common.ForgeConfigSpec/CORE]: Incorrect key item-behavior.cave_map_search_width was corrected from null to its default, 64. 
[19Jul2025 03:04:42.629] [main/WARN] [net.minecraftforge.common.ForgeConfigSpec/CORE]: Incorrect key item-behavior.nuke_max_block_explosion_resistance was corrected from null to its default, 1000. 
[19Jul2025 03:04:42.629] [main/WARN] [net.minecraftforge.common.ForgeConfigSpec/CORE]: Incorrect key item-behavior.nuke_spawn_item_drops was corrected from null to its default, true. 
[19Jul2025 03:04:42.629] [main/WARN] [net.minecraftforge.common.ForgeConfigSpec/CORE]: Incorrect key item-behavior.nuclear_explosion_size_modifier was corrected from null to its default, 3.0. 
[19Jul2025 03:04:42.629] [main/WARN] [net.minecraftforge.common.ForgeConfigSpec/CORE]: Incorrect key item-behavior.totem_of_possession_works_on_players was corrected from null to its default, true. 
[19Jul2025 03:04:42.630] [main/WARN] [net.minecraftforge.common.ForgeConfigSpec/CORE]: Incorrect key item-behavior.darkness_cloak_charge_time was corrected from null to its default, 1000. 
[19Jul2025 03:04:42.630] [main/WARN] [net.minecraftforge.common.ForgeConfigSpec/CORE]: Incorrect key item-behavior.darkness_cloak_fly_time was corrected from null to its default, 200. 
[19Jul2025 03:04:42.630] [main/WARN] [net.minecraftforge.common.ForgeConfigSpec/CORE]: Incorrect key potion-behavior was corrected from null to its default, SimpleCommentedConfig:{}. 
[19Jul2025 03:04:42.630] [main/WARN] [net.minecraftforge.common.ForgeConfigSpec/CORE]: Incorrect key potion-behavior.sugar_rush_slows_time was corrected from null to its default, true. 
[19Jul2025 03:04:42.630] [main/WARN] [net.minecraftforge.common.ForgeConfigSpec/CORE]: Incorrect key vanilla-changes was corrected from null to its default, SimpleCommentedConfig:{}. 
[19Jul2025 03:04:42.631] [main/WARN] [net.minecraftforge.common.ForgeConfigSpec/CORE]: Incorrect key vanilla-changes.magnetic_tablet_loot_chance was corrected from null to its default, 0.45. 
[19Jul2025 03:04:42.631] [main/WARN] [net.minecraftforge.common.ForgeConfigSpec/CORE]: Incorrect key vanilla-changes.primordial_tablet_loot_chance was corrected from null to its default, 0.15. 
[19Jul2025 03:04:42.631] [main/WARN] [net.minecraftforge.common.ForgeConfigSpec/CORE]: Incorrect key vanilla-changes.toxic_tablet_loot_chance was corrected from null to its default, 0.5. 
[19Jul2025 03:04:42.631] [main/WARN] [net.minecraftforge.common.ForgeConfigSpec/CORE]: Incorrect key vanilla-changes.abyssal_tablet_loot_chance was corrected from null to its default, 0.4. 
[19Jul2025 03:04:42.631] [main/WARN] [net.minecraftforge.common.ForgeConfigSpec/CORE]: Incorrect key vanilla-changes.forlorn_tablet_loot_chance was corrected from null to its default, 0.75. 
[19Jul2025 03:04:42.631] [main/WARN] [net.minecraftforge.common.ForgeConfigSpec/CORE]: Incorrect key vanilla-changes.candy_cavity_loot_chance was corrected from null to its default, 0.9. 
[19Jul2025 03:04:42.631] [main/WARN] [net.minecraftforge.common.ForgeConfigSpec/CORE]: Incorrect key vanilla-changes.cabin_map_loot_chance was corrected from null to its default, 0.15. 
[19Jul2025 03:04:42.631] [main/WARN] [net.minecraftforge.common.ForgeConfigSpec/CORE]: Incorrect key vanilla-changes.cartographers_sell_cabin_maps was corrected from null to its default, true. 
[19Jul2025 03:04:42.631] [main/WARN] [net.minecraftforge.common.ForgeConfigSpec/CORE]: Incorrect key vanilla-changes.wandering_traders_sell_cabin_maps was corrected from null to its default, true. 
[19Jul2025 03:04:42.631] [main/WARN] [net.minecraftforge.common.ForgeConfigSpec/CORE]: Incorrect key vanilla-changes.loot_chest_in_witch_huts was corrected from null to its default, true. 
[19Jul2025 03:04:42.631] [main/WARN] [net.minecraftforge.common.ForgeConfigSpec/CORE]: Incorrect key vanilla-changes.enchantments_in_loot was corrected from null to its default, false. 
[19Jul2025 03:04:42.638] [main/WARN] [net.minecraftforge.common.ForgeConfigSpec/CORE]: Configuration file /workspaces/Yeah/servidor_minecraft/config/alexsmobs.toml is not correct. Correcting
[19Jul2025 03:04:42.639] [main/WARN] [net.minecraftforge.common.ForgeConfigSpec/CORE]: Incorrect key general was corrected from null to its default, SimpleCommentedConfig:{}. 
[19Jul2025 03:04:42.639] [main/WARN] [net.minecraftforge.common.ForgeConfigSpec/CORE]: Incorrect key general.giveBookOnStartup was corrected from null to its default, true. 
[19Jul2025 03:04:42.639] [main/WARN] [net.minecraftforge.common.ForgeConfigSpec/CORE]: Incorrect key general.lavaVisionOpacity was corrected from null to its default, 0.65. 
[19Jul2025 03:04:42.639] [main/WARN] [net.minecraftforge.common.ForgeConfigSpec/CORE]: Incorrect key general.shadersCompat was corrected from null to its default, false. 
[19Jul2025 03:04:42.639] [main/WARN] [net.minecraftforge.common.ForgeConfigSpec/CORE]: Incorrect key general.bananasDropFromLeaves was corrected from null to its default, true. 
[19Jul2025 03:04:42.639] [main/WARN] [net.minecraftforge.common.ForgeConfigSpec/CORE]: Incorrect key general.bananaChance was corrected from null to its default, 200. 
[19Jul2025 03:04:42.639] [main/WARN] [net.minecraftforge.common.ForgeConfigSpec/CORE]: Incorrect key general.spidersAttackFlies was corrected from null to its default, true. 
[19Jul2025 03:04:42.639] [main/WARN] [net.minecraftforge.common.ForgeConfigSpec/CORE]: Incorrect key general.wolvesAttackMoose was corrected from null to its default, true. 
[19Jul2025 03:04:42.639] [main/WARN] [net.minecraftforge.common.ForgeConfigSpec/CORE]: Incorrect key general.polarBearsAttackSeals was corrected from null to its default, true. 
[19Jul2025 03:04:42.639] [main/WARN] [net.minecraftforge.common.ForgeConfigSpec/CORE]: Incorrect key general.catsAndFoxesAttackJerboas was corrected from null to its default, true. 
[19Jul2025 03:04:42.639] [main/WARN] [net.minecraftforge.common.ForgeConfigSpec/CORE]: Incorrect key general.dolphinsAttackFlyingFish was corrected from null to its default, true. 
[19Jul2025 03:04:42.639] [main/WARN] [net.minecraftforge.common.ForgeConfigSpec/CORE]: Incorrect key general.lavaBottleEnabled was corrected from null to its default, true. 
[19Jul2025 03:04:42.640] [main/WARN] [net.minecraftforge.common.ForgeConfigSpec/CORE]: Incorrect key general.neutralBoneSerpents was corrected from null to its default, false. 
[19Jul2025 03:04:42.640] [main/WARN] [net.minecraftforge.common.ForgeConfigSpec/CORE]: Incorrect key general.mimicubeSpawnInEndCity was corrected from null to its default, true. 
[19Jul2025 03:04:42.640] [main/WARN] [net.minecraftforge.common.ForgeConfigSpec/CORE]: Incorrect key general.mimicreamRepair was corrected from null to its default, true. 
[19Jul2025 03:04:42.640] [main/WARN] [net.minecraftforge.common.ForgeConfigSpec/CORE]: Incorrect key general.mimicreamBlacklist was corrected from null to its default, [alexsmobs:blood_sprayer, alexsmobs:hemolymph_blaster]. 
[19Jul2025 03:04:42.640] [main/WARN] [net.minecraftforge.common.ForgeConfigSpec/CORE]: Incorrect key general.raccoonStealFromChests was corrected from null to its default, true. 
[19Jul2025 03:04:42.640] [main/WARN] [net.minecraftforge.common.ForgeConfigSpec/CORE]: Incorrect key general.crowsStealCrops was corrected from null to its default, true. 
[19Jul2025 03:04:42.640] [main/WARN] [net.minecraftforge.common.ForgeConfigSpec/CORE]: Incorrect key general.fishOilMeme was corrected from null to its default, true. 
[19Jul2025 03:04:42.641] [main/WARN] [net.minecraftforge.common.ForgeConfigSpec/CORE]: Incorrect key general.soulVultureSpawnOnFossil was corrected from null to its default, true. 
[19Jul2025 03:04:42.641] [main/WARN] [net.minecraftforge.common.ForgeConfigSpec/CORE]: Incorrect key general.acaciaBlossomsDropFromLeaves was corrected from null to its default, true. 
[19Jul2025 03:04:42.641] [main/WARN] [net.minecraftforge.common.ForgeConfigSpec/CORE]: Incorrect key general.acaciaBlossomChance was corrected from null to its default, 130. 
[19Jul2025 03:04:42.641] [main/WARN] [net.minecraftforge.common.ForgeConfigSpec/CORE]: Incorrect key general.wanderingTraderOffers was corrected from null to its default, true. 
[19Jul2025 03:04:42.641] [main/WARN] [net.minecraftforge.common.ForgeConfigSpec/CORE]: Incorrect key general.mungusBiomeTransformationType was corrected from null to its default, 2. 
[19Jul2025 03:04:42.641] [main/WARN] [net.minecraftforge.common.ForgeConfigSpec/CORE]: Incorrect key general.mungusBiomeMatches was corrected from null to its default, [minecraft:red_mushroom|minecraft:mushroom_fields|minecraft:mycelium, minecraft:brown_mushroom|minecraft:mushroom_fields|minecraft:mycelium, minecraft:crimson_fungus|minecraft:crimson_forest|minecraft:crimson_nylium, minecraft:warped_fungus|minecraft:warped_forest|minecraft:warped_nylium]. 
[19Jul2025 03:04:42.641] [main/WARN] [net.minecraftforge.common.ForgeConfigSpec/CORE]: Incorrect key general.limitGusterSpawnsToWeather was corrected from null to its default, true. 
[19Jul2025 03:04:42.642] [main/WARN] [net.minecraftforge.common.ForgeConfigSpec/CORE]: Incorrect key general.warpedMoscoTransformation was corrected from null to its default, true. 
[19Jul2025 03:04:42.642] [main/WARN] [net.minecraftforge.common.ForgeConfigSpec/CORE]: Incorrect key general.warpedMoscoMobTriggers was corrected from null to its default, []. 
[19Jul2025 03:04:42.642] [main/WARN] [net.minecraftforge.common.ForgeConfigSpec/CORE]: Incorrect key general.straddleboardEnchants was corrected from null to its default, true. 
[19Jul2025 03:04:42.642] [main/WARN] [net.minecraftforge.common.ForgeConfigSpec/CORE]: Incorrect key general.emuTargetSkeletons was corrected from null to its default, true. 
[19Jul2025 03:04:42.642] [main/WARN] [net.minecraftforge.common.ForgeConfigSpec/CORE]: Incorrect key general.emuPantsDodgeChance was corrected from null to its default, 0.45. 
[19Jul2025 03:04:42.643] [main/WARN] [net.minecraftforge.common.ForgeConfigSpec/CORE]: Incorrect key general.cachalotDestruction was corrected from null to its default, true. 
[19Jul2025 03:04:42.643] [main/WARN] [net.minecraftforge.common.ForgeConfigSpec/CORE]: Incorrect key general.cachalotVolume was corrected from null to its default, 3.0. 
[19Jul2025 03:04:42.643] [main/WARN] [net.minecraftforge.common.ForgeConfigSpec/CORE]: Incorrect key general.leafcutterAntFungusGrowChance was corrected from null to its default, 0.3. 
[19Jul2025 03:04:42.643] [main/WARN] [net.minecraftforge.common.ForgeConfigSpec/CORE]: Incorrect key general.leafcutterAntRepopulateFeedings was corrected from null to its default, 25. 
[19Jul2025 03:04:43.230] [main/WARN] [net.minecraftforge.common.ForgeConfigSpec/CORE]: Incorrect key general.leafcutterAntColonySize was corrected from null to its default, 10. 
[19Jul2025 03:04:43.230] [main/WARN] [net.minecraftforge.common.ForgeConfigSpec/CORE]: Incorrect key general.leafcutterAntBreakLeavesChance was corrected from null to its default, 0.2. 
[19Jul2025 03:04:43.230] [main/WARN] [net.minecraftforge.common.ForgeConfigSpec/CORE]: Incorrect key general.falconryTeleportsBack was corrected from null to its default, false. 
[19Jul2025 03:04:43.230] [main/WARN] [net.minecraftforge.common.ForgeConfigSpec/CORE]: Incorrect key general.fireproofTarantulaHawk was corrected from null to its default, false. 
[19Jul2025 03:04:43.230] [main/WARN] [net.minecraftforge.common.ForgeConfigSpec/CORE]: Incorrect key general.voidWormSpawnDimensions was corrected from null to its default, [minecraft:the_end]. 
[19Jul2025 03:04:43.231] [main/WARN] [net.minecraftforge.common.ForgeConfigSpec/CORE]: Incorrect key general.voidWormDamageModifier was corrected from null to its default, 1.0. 
[19Jul2025 03:04:43.231] [main/WARN] [net.minecraftforge.common.ForgeConfigSpec/CORE]: Incorrect key general.voidWormMaxHealth was corrected from null to its default, 160.0. 
[19Jul2025 03:04:43.231] [main/WARN] [net.minecraftforge.common.ForgeConfigSpec/CORE]: Incorrect key general.voidWormSummonable was corrected from null to its default, true. 
[19Jul2025 03:04:43.231] [main/WARN] [net.minecraftforge.common.ForgeConfigSpec/CORE]: Incorrect key general.seagullStealing was corrected from null to its default, true. 
[19Jul2025 03:04:43.231] [main/WARN] [net.minecraftforge.common.ForgeConfigSpec/CORE]: Incorrect key general.seagullStealingBlacklist was corrected from null to its default, []. 
[19Jul2025 03:04:43.231] [main/WARN] [net.minecraftforge.common.ForgeConfigSpec/CORE]: Incorrect key general.clingingFlipEffect was corrected from null to its default, false. 
[19Jul2025 03:04:43.231] [main/WARN] [net.minecraftforge.common.ForgeConfigSpec/CORE]: Incorrect key general.tusklinShoesBarteringChance was corrected from null to its default, 0.02500000037252903. 
[19Jul2025 03:04:43.231] [main/WARN] [net.minecraftforge.common.ForgeConfigSpec/CORE]: Incorrect key general.rainbowGlassFidelity was corrected from null to its default, 16.0. 
[19Jul2025 03:04:43.232] [main/WARN] [net.minecraftforge.common.ForgeConfigSpec/CORE]: Incorrect key general.bunfungusTransformation was corrected from null to its default, true. 
[19Jul2025 03:04:43.232] [main/WARN] [net.minecraftforge.common.ForgeConfigSpec/CORE]: Incorrect key general.addLootToChests was corrected from null to its default, true. 
[19Jul2025 03:04:43.232] [main/WARN] [net.minecraftforge.common.ForgeConfigSpec/CORE]: Incorrect key general.transmutationBlacklist was corrected from null to its default, [minecraft:beacon]. 
[19Jul2025 03:04:43.232] [main/WARN] [net.minecraftforge.common.ForgeConfigSpec/CORE]: Incorrect key general.limitTransmutingToLootTables was corrected from null to its default, false. 
[19Jul2025 03:04:43.232] [main/WARN] [net.minecraftforge.common.ForgeConfigSpec/CORE]: Incorrect key general.transmutingTableExplodes was corrected from null to its default, true. 
[19Jul2025 03:04:43.232] [main/WARN] [net.minecraftforge.common.ForgeConfigSpec/CORE]: Incorrect key general.transmutingExperienceCost was corrected from null to its default, 3. 
[19Jul2025 03:04:43.232] [main/WARN] [net.minecraftforge.common.ForgeConfigSpec/CORE]: Incorrect key general.transmutingWeightAddStep was corrected from null to its default, 3.0. 
[19Jul2025 03:04:43.232] [main/WARN] [net.minecraftforge.common.ForgeConfigSpec/CORE]: Incorrect key general.transmutingWeightRemoveStep was corrected from null to its default, 4.0. 
[19Jul2025 03:04:43.233] [main/WARN] [net.minecraftforge.common.ForgeConfigSpec/CORE]: Incorrect key general.skreechersSummonWarden was corrected from null to its default, true. 
[19Jul2025 03:04:43.233] [main/WARN] [net.minecraftforge.common.ForgeConfigSpec/CORE]: Incorrect key general.underminerDisappearDistance was corrected from null to its default, 8.0. 
[19Jul2025 03:04:43.233] [main/WARN] [net.minecraftforge.common.ForgeConfigSpec/CORE]: Incorrect key spawning was corrected from null to its default, SimpleCommentedConfig:{}. 
[19Jul2025 03:04:43.234] [main/WARN] [net.minecraftforge.common.ForgeConfigSpec/CORE]: Incorrect key spawning.grizzlyBearSpawnWeight was corrected from null to its default, 8. 
[19Jul2025 03:04:43.234] [main/WARN] [net.minecraftforge.common.ForgeConfigSpec/CORE]: Incorrect key spawning.grizzlyBearSpawnRolls was corrected from null to its default, 0. 
[19Jul2025 03:04:43.234] [main/WARN] [net.minecraftforge.common.ForgeConfigSpec/CORE]: Incorrect key spawning.roadrunnerSpawnWeight was corrected from null to its default, 9. 
[19Jul2025 03:04:43.234] [main/WARN] [net.minecraftforge.common.ForgeConfigSpec/CORE]: Incorrect key spawning.roadrunnerSpawnRolls was corrected from null to its default, 1. 
[19Jul2025 03:04:43.234] [main/WARN] [net.minecraftforge.common.ForgeConfigSpec/CORE]: Incorrect key spawning.boneSerpentSpawnWeight was corrected from null to its default, 8. 
[19Jul2025 03:04:43.234] [main/WARN] [net.minecraftforge.common.ForgeConfigSpec/CORE]: Incorrect key spawning.boneSeprentSpawnRolls was corrected from null to its default, 40. 
[19Jul2025 03:04:43.234] [main/WARN] [net.minecraftforge.common.ForgeConfigSpec/CORE]: Incorrect key spawning.gazelleSpawnWeight was corrected from null to its default, 40. 
[19Jul2025 03:04:43.234] [main/WARN] [net.minecraftforge.common.ForgeConfigSpec/CORE]: Incorrect key spawning.gazelleSpawnRolls was corrected from null to its default, 0. 
[19Jul2025 03:04:43.234] [main/WARN] [net.minecraftforge.common.ForgeConfigSpec/CORE]: Incorrect key spawning.crocodileSpawnWeight was corrected from null to its default, 20. 
[19Jul2025 03:04:43.234] [main/WARN] [net.minecraftforge.common.ForgeConfigSpec/CORE]: Incorrect key spawning.crocSpawnRolls was corrected from null to its default, 1. 
[19Jul2025 03:04:43.235] [main/WARN] [net.minecraftforge.common.ForgeConfigSpec/CORE]: Incorrect key spawning.flySpawnWeight was corrected from null to its default, 3. 
[19Jul2025 03:04:43.235] [main/WARN] [net.minecraftforge.common.ForgeConfigSpec/CORE]: Incorrect key spawning.flySpawnRolls was corrected from null to its default, 1. 
[19Jul2025 03:04:43.235] [main/WARN] [net.minecraftforge.common.ForgeConfigSpec/CORE]: Incorrect key spawning.hummingbirdSpawnWeight was corrected from null to its default, 19. 
[19Jul2025 03:04:43.235] [main/WARN] [net.minecraftforge.common.ForgeConfigSpec/CORE]: Incorrect key spawning.hummingbirdSpawnRolls was corrected from null to its default, 1. 
[19Jul2025 03:04:43.235] [main/WARN] [net.minecraftforge.common.ForgeConfigSpec/CORE]: Incorrect key spawning.orcaSpawnWeight was corrected from null to its default, 2. 
[19Jul2025 03:04:43.235] [main/WARN] [net.minecraftforge.common.ForgeConfigSpec/CORE]: Incorrect key spawning.orcaSpawnRolls was corrected from null to its default, 6. 
[19Jul2025 03:04:43.235] [main/WARN] [net.minecraftforge.common.ForgeConfigSpec/CORE]: Incorrect key spawning.sunbirdSpawnWeight was corrected from null to its default, 5. 
[19Jul2025 03:04:43.235] [main/WARN] [net.minecraftforge.common.ForgeConfigSpec/CORE]: Incorrect key spawning.sunbirdSpawnRolls was corrected from null to its default, 6. 
[19Jul2025 03:04:43.235] [main/WARN] [net.minecraftforge.common.ForgeConfigSpec/CORE]: Incorrect key spawning.gorillaSpawnWeight was corrected from null to its default, 25. 
[19Jul2025 03:04:43.235] [main/WARN] [net.minecraftforge.common.ForgeConfigSpec/CORE]: Incorrect key spawning.gorillaSpawnRolls was corrected from null to its default, 0. 
[19Jul2025 03:04:43.235] [main/WARN] [net.minecraftforge.common.ForgeConfigSpec/CORE]: Incorrect key spawning.crimsonMosquitoSpawnWeight was corrected from null to its default, 15. 
[19Jul2025 03:04:43.236] [main/WARN] [net.minecraftforge.common.ForgeConfigSpec/CORE]: Incorrect key spawning.crimsonMosquitoSpawnRolls was corrected from null to its default, 0. 
[19Jul2025 03:04:43.236] [main/WARN] [net.minecraftforge.common.ForgeConfigSpec/CORE]: Incorrect key spawning.rattlesnakeSpawnWeight was corrected from null to its default, 12. 
[19Jul2025 03:04:43.236] [main/WARN] [net.minecraftforge.common.ForgeConfigSpec/CORE]: Incorrect key spawning.rattlesnakeSpawnRolls was corrected from null to its default, 0. 
[19Jul2025 03:04:43.236] [main/WARN] [net.minecraftforge.common.ForgeConfigSpec/CORE]: Incorrect key spawning.endergradeSpawnWeight was corrected from null to its default, 10. 
[19Jul2025 03:04:43.236] [main/WARN] [net.minecraftforge.common.ForgeConfigSpec/CORE]: Incorrect key spawning.endergradeSpawnRolls was corrected from null to its default, 0. 
[19Jul2025 03:04:43.236] [main/WARN] [net.minecraftforge.common.ForgeConfigSpec/CORE]: Incorrect key spawning.hammerheadSharkSpawnWeight was corrected from null to its default, 8. 
[19Jul2025 03:04:43.236] [main/WARN] [net.minecraftforge.common.ForgeConfigSpec/CORE]: Incorrect key spawning.hammerheadSharkSpawnRolls was corrected from null to its default, 1. 
[19Jul2025 03:04:43.236] [main/WARN] [net.minecraftforge.common.ForgeConfigSpec/CORE]: Incorrect key spawning.lobsterSpawnWeight was corrected from null to its default, 7. 
[19Jul2025 03:04:43.236] [main/WARN] [net.minecraftforge.common.ForgeConfigSpec/CORE]: Incorrect key spawning.lobsterSpawnRolls was corrected from null to its default, 0. 
[19Jul2025 03:04:43.236] [main/WARN] [net.minecraftforge.common.ForgeConfigSpec/CORE]: Incorrect key spawning.komodoDragonSpawnWeight was corrected from null to its default, 16. 
[19Jul2025 03:04:43.236] [main/WARN] [net.minecraftforge.common.ForgeConfigSpec/CORE]: Incorrect key spawning.komodoDragonSpawnRolls was corrected from null to its default, 1. 
[19Jul2025 03:04:43.236] [main/WARN] [net.minecraftforge.common.ForgeConfigSpec/CORE]: Incorrect key spawning.capuchinMonkeySpawnWeight was corrected from null to its default, 28. 
[19Jul2025 03:04:43.236] [main/WARN] [net.minecraftforge.common.ForgeConfigSpec/CORE]: Incorrect key spawning.capuchinMonkeySpawnRolls was corrected from null to its default, 0. 
[19Jul2025 03:04:43.237] [main/WARN] [net.minecraftforge.common.ForgeConfigSpec/CORE]: Incorrect key spawning.caveCentipedeSpawnWeight was corrected from null to its default, 8. 
[19Jul2025 03:04:43.237] [main/WARN] [net.minecraftforge.common.ForgeConfigSpec/CORE]: Incorrect key spawning.caveCentipedeSpawnRolls was corrected from null to its default, 1. 
[19Jul2025 03:04:43.237] [main/WARN] [net.minecraftforge.common.ForgeConfigSpec/CORE]: Incorrect key spawning.warpedToadSpawnWeight was corrected from null to its default, 30. 
[19Jul2025 03:04:43.237] [main/WARN] [net.minecraftforge.common.ForgeConfigSpec/CORE]: Incorrect key spawning.warpedToadSpawnRolls was corrected from null to its default, 0. 
[19Jul2025 03:04:43.237] [main/WARN] [net.minecraftforge.common.ForgeConfigSpec/CORE]: Incorrect key spawning.mooseSpawnWeight was corrected from null to its default, 9. 
[19Jul2025 03:04:43.237] [main/WARN] [net.minecraftforge.common.ForgeConfigSpec/CORE]: Incorrect key spawning.mooseSpawnRolls was corrected from null to its default, 0. 
[19Jul2025 03:04:43.237] [main/WARN] [net.minecraftforge.common.ForgeConfigSpec/CORE]: Incorrect key spawning.mimicubeSpawnWeight was corrected from null to its default, 40. 
[19Jul2025 03:04:43.237] [main/WARN] [net.minecraftforge.common.ForgeConfigSpec/CORE]: Incorrect key spawning.mimicubeSpawnRolls was corrected from null to its default, 0. 
[19Jul2025 03:04:43.237] [main/WARN] [net.minecraftforge.common.ForgeConfigSpec/CORE]: Incorrect key spawning.raccoonSpawnWeight was corrected from null to its default, 10. 
[19Jul2025 03:04:43.237] [main/WARN] [net.minecraftforge.common.ForgeConfigSpec/CORE]: Incorrect key spawning.raccoonSpawnRolls was corrected from null to its default, 0. 
[19Jul2025 03:04:43.238] [main/WARN] [net.minecraftforge.common.ForgeConfigSpec/CORE]: Incorrect key spawning.blobfishSpawnWeight was corrected from null to its default, 30. 
[19Jul2025 03:04:43.238] [main/WARN] [net.minecraftforge.common.ForgeConfigSpec/CORE]: Incorrect key spawning.blobfishSpawnRolls was corrected from null to its default, 0. 
[19Jul2025 03:04:43.238] [main/WARN] [net.minecraftforge.common.ForgeConfigSpec/CORE]: Incorrect key spawning.sealSpawnWeight was corrected from null to its default, 20. 
[19Jul2025 03:04:43.238] [main/WARN] [net.minecraftforge.common.ForgeConfigSpec/CORE]: Incorrect key spawning.sealSpawnRolls was corrected from null to its default, 0. 
[19Jul2025 03:04:43.238] [main/WARN] [net.minecraftforge.common.ForgeConfigSpec/CORE]: Incorrect key spawning.cockroachSpawnWeight was corrected from null to its default, 4. 
[19Jul2025 03:04:43.238] [main/WARN] [net.minecraftforge.common.ForgeConfigSpec/CORE]: Incorrect key spawning.cockroachSpawnRolls was corrected from null to its default, 0. 
[19Jul2025 03:04:43.238] [main/WARN] [net.minecraftforge.common.ForgeConfigSpec/CORE]: Incorrect key spawning.shoebillSpawnWeight was corrected from null to its default, 10. 
[19Jul2025 03:04:43.238] [main/WARN] [net.minecraftforge.common.ForgeConfigSpec/CORE]: Incorrect key spawning.shoebillSpawnRolls was corrected from null to its default, 0. 
[19Jul2025 03:04:43.238] [main/WARN] [net.minecraftforge.common.ForgeConfigSpec/CORE]: Incorrect key spawning.elephantSpawnWeight was corrected from null to its default, 30. 
[19Jul2025 03:04:43.238] [main/WARN] [net.minecraftforge.common.ForgeConfigSpec/CORE]: Incorrect key spawning.elephantSpawnRolls was corrected from null to its default, 0. 
[19Jul2025 03:04:43.239] [main/WARN] [net.minecraftforge.common.ForgeConfigSpec/CORE]: Incorrect key spawning.soulVultureSpawnWeight was corrected from null to its default, 30. 
[19Jul2025 03:04:43.239] [main/WARN] [net.minecraftforge.common.ForgeConfigSpec/CORE]: Incorrect key spawning.soulVultureSpawnRolls was corrected from null to its default, 0. 
[19Jul2025 03:04:43.239] [main/WARN] [net.minecraftforge.common.ForgeConfigSpec/CORE]: Incorrect key spawning.snowLeopardSpawnWeight was corrected from null to its default, 18. 
[19Jul2025 03:04:43.239] [main/WARN] [net.minecraftforge.common.ForgeConfigSpec/CORE]: Incorrect key spawning.snowLeopardSpawnRolls was corrected from null to its default, 0. 
[19Jul2025 03:04:43.239] [main/WARN] [net.minecraftforge.common.ForgeConfigSpec/CORE]: Incorrect key spawning.spectreSpawnWeight was corrected from null to its default, 10. 
[19Jul2025 03:04:43.239] [main/WARN] [net.minecraftforge.common.ForgeConfigSpec/CORE]: Incorrect key spawning.spectreSpawnRolls was corrected from null to its default, 5. 
[19Jul2025 03:04:43.239] [main/WARN] [net.minecraftforge.common.ForgeConfigSpec/CORE]: Incorrect key spawning.crowSpawnWeight was corrected from null to its default, 10. 
[19Jul2025 03:04:43.239] [main/WARN] [net.minecraftforge.common.ForgeConfigSpec/CORE]: Incorrect key spawning.crowSpawnRolls was corrected from null to its default, 0. 
[19Jul2025 03:04:43.239] [main/WARN] [net.minecraftforge.common.ForgeConfigSpec/CORE]: Incorrect key spawning.alligatorSnappingTurtleSpawnWeight was corrected from null to its default, 20. 
[19Jul2025 03:04:43.239] [main/WARN] [net.minecraftforge.common.ForgeConfigSpec/CORE]: Incorrect key spawning.alligatorSnappingTurtleSpawnRolls was corrected from null to its default, 1. 
[19Jul2025 03:04:43.239] [main/WARN] [net.minecraftforge.common.ForgeConfigSpec/CORE]: Incorrect key spawning.mungusSpawnWeight was corrected from null to its default, 4. 
[19Jul2025 03:04:43.239] [main/WARN] [net.minecraftforge.common.ForgeConfigSpec/CORE]: Incorrect key spawning.mungusSpawnRolls was corrected from null to its default, 1. 
[19Jul2025 03:04:43.239] [main/WARN] [net.minecraftforge.common.ForgeConfigSpec/CORE]: Incorrect key spawning.mantisShrimpSpawnWeight was corrected from null to its default, 15. 
[19Jul2025 03:04:43.240] [main/WARN] [net.minecraftforge.common.ForgeConfigSpec/CORE]: Incorrect key spawning.mantisShrimpSpawnRolls was corrected from null to its default, 0. 
[19Jul2025 03:04:43.240] [main/WARN] [net.minecraftforge.common.ForgeConfigSpec/CORE]: Incorrect key spawning.gusterSpawnWeight was corrected from null to its default, 35. 
[19Jul2025 03:04:43.240] [main/WARN] [net.minecraftforge.common.ForgeConfigSpec/CORE]: Incorrect key spawning.gusterSpawnRolls was corrected from null to its default, 0. 
[19Jul2025 03:04:43.240] [main/WARN] [net.minecraftforge.common.ForgeConfigSpec/CORE]: Incorrect key spawning.warpedMoscoSpawnWeight was corrected from null to its default, 1. 
[19Jul2025 03:04:43.240] [main/WARN] [net.minecraftforge.common.ForgeConfigSpec/CORE]: Incorrect key spawning.warpedMoscoSpawnRolls was corrected from null to its default, 1000. 
[19Jul2025 03:04:43.240] [main/WARN] [net.minecraftforge.common.ForgeConfigSpec/CORE]: Incorrect key spawning.straddlerSpawnWeight was corrected from null to its default, 70. 
[19Jul2025 03:04:43.240] [main/WARN] [net.minecraftforge.common.ForgeConfigSpec/CORE]: Incorrect key spawning.straddlerSpawnRolls was corrected from null to its default, 0. 
[19Jul2025 03:04:43.240] [main/WARN] [net.minecraftforge.common.ForgeConfigSpec/CORE]: Incorrect key spawning.stradpoleSpawnWeight was corrected from null to its default, 10. 
[19Jul2025 03:04:43.240] [main/WARN] [net.minecraftforge.common.ForgeConfigSpec/CORE]: Incorrect key spawning.stradpoleSpawnRolls was corrected from null to its default, 3. 
[19Jul2025 03:04:43.240] [main/WARN] [net.minecraftforge.common.ForgeConfigSpec/CORE]: Incorrect key spawning.emuSpawnWeight was corrected from null to its default, 20. 
[19Jul2025 03:04:43.240] [main/WARN] [net.minecraftforge.common.ForgeConfigSpec/CORE]: Incorrect key spawning.emuSpawnRolls was corrected from null to its default, 0. 
[19Jul2025 03:04:43.240] [main/WARN] [net.minecraftforge.common.ForgeConfigSpec/CORE]: Incorrect key spawning.platypusSpawnWeight was corrected from null to its default, 20. 
[19Jul2025 03:04:43.240] [main/WARN] [net.minecraftforge.common.ForgeConfigSpec/CORE]: Incorrect key spawning.platypusSpawnRolls was corrected from null to its default, 0. 
[19Jul2025 03:04:43.241] [main/WARN] [net.minecraftforge.common.ForgeConfigSpec/CORE]: Incorrect key spawning.dropbearSpawnWeight was corrected from null to its default, 19. 
[19Jul2025 03:04:43.241] [main/WARN] [net.minecraftforge.common.ForgeConfigSpec/CORE]: Incorrect key spawning.dropbearSpawnRolls was corrected from null to its default, 1. 
[19Jul2025 03:04:43.241] [main/WARN] [net.minecraftforge.common.ForgeConfigSpec/CORE]: Incorrect key spawning.tasmanianDevilSpawnWeight was corrected from null to its default, 10. 
[19Jul2025 03:04:43.241] [main/WARN] [net.minecraftforge.common.ForgeConfigSpec/CORE]: Incorrect key spawning.tasmanianDevilSpawnRolls was corrected from null to its default, 0. 
[19Jul2025 03:04:43.241] [main/WARN] [net.minecraftforge.common.ForgeConfigSpec/CORE]: Incorrect key spawning.kangarooSpawnWeight was corrected from null to its default, 25. 
[19Jul2025 03:04:43.241] [main/WARN] [net.minecraftforge.common.ForgeConfigSpec/CORE]: Incorrect key spawning.kangarooSpawnRolls was corrected from null to its default, 0. 
[19Jul2025 03:04:43.241] [main/WARN] [net.minecraftforge.common.ForgeConfigSpec/CORE]: Incorrect key spawning.cachalotWhaleSpawnWeight was corrected from null to its default, 2. 
[19Jul2025 03:04:43.241] [main/WARN] [net.minecraftforge.common.ForgeConfigSpec/CORE]: Incorrect key spawning.cachalotWhaleSpawnRolls was corrected from null to its default, 0. 
[19Jul2025 03:04:43.241] [main/WARN] [net.minecraftforge.common.ForgeConfigSpec/CORE]: Incorrect key spawning.enderiophageSpawnWeight was corrected from null to its default, 4. 
[19Jul2025 03:04:43.241] [main/WARN] [net.minecraftforge.common.ForgeConfigSpec/CORE]: Incorrect key spawning.enderiophageSpawnRolls was corrected from null to its default, 2. 
[19Jul2025 03:04:43.241] [main/WARN] [net.minecraftforge.common.ForgeConfigSpec/CORE]: Incorrect key spawning.baldEagleSpawnWeight was corrected from null to its default, 15. 
[19Jul2025 03:04:43.241] [main/WARN] [net.minecraftforge.common.ForgeConfigSpec/CORE]: Incorrect key spawning.baldEagleSpawnRolls was corrected from null to its default, 0. 
[19Jul2025 03:04:43.242] [main/WARN] [net.minecraftforge.common.ForgeConfigSpec/CORE]: Incorrect key spawning.tigerSpawnWeight was corrected from null to its default, 30. 
[19Jul2025 03:04:43.242] [main/WARN] [net.minecraftforge.common.ForgeConfigSpec/CORE]: Incorrect key spawning.tigerSpawnRolls was corrected from null to its default, 0. 
[19Jul2025 03:04:43.242] [main/WARN] [net.minecraftforge.common.ForgeConfigSpec/CORE]: Incorrect key spawning.tarantulaHawkSpawnWeight was corrected from null to its default, 6. 
[19Jul2025 03:04:43.242] [main/WARN] [net.minecraftforge.common.ForgeConfigSpec/CORE]: Incorrect key spawning.tarantulaHawkSpawnRolls was corrected from null to its default, 1. 
[19Jul2025 03:04:43.242] [main/WARN] [net.minecraftforge.common.ForgeConfigSpec/CORE]: Incorrect key spawning.voidWormSpawnWeight was corrected from null to its default, 0. 
[19Jul2025 03:04:43.242] [main/WARN] [net.minecraftforge.common.ForgeConfigSpec/CORE]: Incorrect key spawning.voidWormSpawnRolls was corrected from null to its default, 0. 
[19Jul2025 03:04:43.242] [main/WARN] [net.minecraftforge.common.ForgeConfigSpec/CORE]: Incorrect key spawning.frilledSharkSpawnWeight was corrected from null to its default, 11. 
[19Jul2025 03:04:43.242] [main/WARN] [net.minecraftforge.common.ForgeConfigSpec/CORE]: Incorrect key spawning.frilledSharkSpawnRolls was corrected from null to its default, 0. 
[19Jul2025 03:04:43.242] [main/WARN] [net.minecraftforge.common.ForgeConfigSpec/CORE]: Incorrect key spawning.mimicOctopusSpawnWeight was corrected from null to its default, 9. 
[19Jul2025 03:04:43.242] [main/WARN] [net.minecraftforge.common.ForgeConfigSpec/CORE]: Incorrect key spawning.mimicOctopusSpawnRolls was corrected from null to its default, 0. 
[19Jul2025 03:04:43.243] [main/WARN] [net.minecraftforge.common.ForgeConfigSpec/CORE]: Incorrect key spawning.seagullSpawnWeight was corrected from null to its default, 21. 
[19Jul2025 03:04:43.243] [main/WARN] [net.minecraftforge.common.ForgeConfigSpec/CORE]: Incorrect key spawning.seagullSpawnRolls was corrected from null to its default, 0. 
[19Jul2025 03:04:43.243] [main/WARN] [net.minecraftforge.common.ForgeConfigSpec/CORE]: Incorrect key spawning.froststalkerSpawnWeight was corrected from null to its default, 20. 
[19Jul2025 03:04:43.243] [main/WARN] [net.minecraftforge.common.ForgeConfigSpec/CORE]: Incorrect key spawning.froststalkerSpawnRolls was corrected from null to its default, 0. 
[19Jul2025 03:04:43.243] [main/WARN] [net.minecraftforge.common.ForgeConfigSpec/CORE]: Incorrect key spawning.tusklinSpawnWeight was corrected from null to its default, 18. 
[19Jul2025 03:04:43.243] [main/WARN] [net.minecraftforge.common.ForgeConfigSpec/CORE]: Incorrect key spawning.tusklinSpawnRolls was corrected from null to its default, 0. 
[19Jul2025 03:04:43.243] [main/WARN] [net.minecraftforge.common.ForgeConfigSpec/CORE]: Incorrect key spawning.laviathanSpawnWeight was corrected from null to its default, 15. 
[19Jul2025 03:04:43.243] [main/WARN] [net.minecraftforge.common.ForgeConfigSpec/CORE]: Incorrect key spawning.laviathanSpawnRolls was corrected from null to its default, 1. 
[19Jul2025 03:04:43.243] [main/WARN] [net.minecraftforge.common.ForgeConfigSpec/CORE]: Incorrect key spawning.cosmawSpawnWeight was corrected from null to its default, 9. 
[19Jul2025 03:04:43.243] [main/WARN] [net.minecraftforge.common.ForgeConfigSpec/CORE]: Incorrect key spawning.cosmawSpawnRolls was corrected from null to its default, 0. 
[19Jul2025 03:04:43.244] [main/WARN] [net.minecraftforge.common.ForgeConfigSpec/CORE]: Incorrect key spawning.toucanSpawnWeight was corrected from null to its default, 23. 
[19Jul2025 03:04:43.244] [main/WARN] [net.minecraftforge.common.ForgeConfigSpec/CORE]: Incorrect key spawning.toucanSpawnRolls was corrected from null to its default, 0. 
[19Jul2025 03:04:43.244] [main/WARN] [net.minecraftforge.common.ForgeConfigSpec/CORE]: Incorrect key spawning.manedWolfSpawnWeight was corrected from null to its default, 8. 
[19Jul2025 03:04:43.244] [main/WARN] [net.minecraftforge.common.ForgeConfigSpec/CORE]: Incorrect key spawning.manedWolfSpawnRolls was corrected from null to its default, 0. 
[19Jul2025 03:04:43.244] [main/WARN] [net.minecraftforge.common.ForgeConfigSpec/CORE]: Incorrect key spawning.anacondaSpawnWeight was corrected from null to its default, 12. 
[19Jul2025 03:04:43.244] [main/WARN] [net.minecraftforge.common.ForgeConfigSpec/CORE]: Incorrect key spawning.anacondaSpawnRolls was corrected from null to its default, 0. 
[19Jul2025 03:04:43.244] [main/WARN] [net.minecraftforge.common.ForgeConfigSpec/CORE]: Incorrect key spawning.anteaterSpawnWeight was corrected from null to its default, 7. 
[19Jul2025 03:04:43.244] [main/WARN] [net.minecraftforge.common.ForgeConfigSpec/CORE]: Incorrect key spawning.anteaterSpawnRolls was corrected from null to its default, 0. 
[19Jul2025 03:04:43.244] [main/WARN] [net.minecraftforge.common.ForgeConfigSpec/CORE]: Incorrect key spawning.rockyRollerSpawnWeight was corrected from null to its default, 60. 
[19Jul2025 03:04:43.244] [main/WARN] [net.minecraftforge.common.ForgeConfigSpec/CORE]: Incorrect key spawning.rockyRollerSpawnRolls was corrected from null to its default, 0. 
[19Jul2025 03:04:43.244] [main/WARN] [net.minecraftforge.common.ForgeConfigSpec/CORE]: Incorrect key spawning.flutterSpawnWeight was corrected from null to its default, 13. 
[19Jul2025 03:04:43.245] [main/WARN] [net.minecraftforge.common.ForgeConfigSpec/CORE]: Incorrect key spawning.flutterSpawnRolls was corrected from null to its default, 0. 
[19Jul2025 03:04:43.245] [main/WARN] [net.minecraftforge.common.ForgeConfigSpec/CORE]: Incorrect key spawning.geladaMonkeySpawnWeight was corrected from null to its default, 5. 
[19Jul2025 03:04:43.245] [main/WARN] [net.minecraftforge.common.ForgeConfigSpec/CORE]: Incorrect key spawning.geladaMonkeySpawnRolls was corrected from null to its default, 0. 
[19Jul2025 03:04:43.245] [main/WARN] [net.minecraftforge.common.ForgeConfigSpec/CORE]: Incorrect key spawning.jerboaSpawnWeight was corrected from null to its default, 12. 
[19Jul2025 03:04:43.245] [main/WARN] [net.minecraftforge.common.ForgeConfigSpec/CORE]: Incorrect key spawning.jerboaSpawnRolls was corrected from null to its default, 2. 
[19Jul2025 03:04:43.245] [main/WARN] [net.minecraftforge.common.ForgeConfigSpec/CORE]: Incorrect key spawning.terrapinSpawnWeight was corrected from null to its default, 4. 
[19Jul2025 03:04:43.245] [main/WARN] [net.minecraftforge.common.ForgeConfigSpec/CORE]: Incorrect key spawning.terrapinSpawnRolls was corrected from null to its default, 0. 
[19Jul2025 03:04:43.245] [main/WARN] [net.minecraftforge.common.ForgeConfigSpec/CORE]: Incorrect key spawning.combJellySpawnWeight was corrected from null to its default, 5. 
[19Jul2025 03:04:43.246] [main/WARN] [net.minecraftforge.common.ForgeConfigSpec/CORE]: Incorrect key spawning.combJellySpawnRolls was corrected from null to its default, 1. 
[19Jul2025 03:04:43.246] [main/WARN] [net.minecraftforge.common.ForgeConfigSpec/CORE]: Incorrect key spawning.cosmicCodSpawnWeight was corrected from null to its default, 5. 
[19Jul2025 03:04:43.246] [main/WARN] [net.minecraftforge.common.ForgeConfigSpec/CORE]: Incorrect key spawning.cosmicCodSpawnRolls was corrected from null to its default, 0. 
[19Jul2025 03:04:43.246] [main/WARN] [net.minecraftforge.common.ForgeConfigSpec/CORE]: Incorrect key spawning.bunfungusSpawnWeight was corrected from null to its default, 3. 
[19Jul2025 03:04:43.246] [main/WARN] [net.minecraftforge.common.ForgeConfigSpec/CORE]: Incorrect key spawning.bunfungusSpawnRolls was corrected from null to its default, 0. 
[19Jul2025 03:04:43.246] [main/WARN] [net.minecraftforge.common.ForgeConfigSpec/CORE]: Incorrect key spawning.bisonSpawnWeight was corrected from null to its default, 9. 
[19Jul2025 03:04:43.246] [main/WARN] [net.minecraftforge.common.ForgeConfigSpec/CORE]: Incorrect key spawning.bisonSpawnRolls was corrected from null to its default, 0. 
[19Jul2025 03:04:43.246] [main/WARN] [net.minecraftforge.common.ForgeConfigSpec/CORE]: Incorrect key spawning.giantSquidSpawnWeight was corrected from null to its default, 3. 
[19Jul2025 03:04:43.246] [main/WARN] [net.minecraftforge.common.ForgeConfigSpec/CORE]: Incorrect key spawning.giantSquidSpawnRolls was corrected from null to its default, 0. 
[19Jul2025 03:04:43.246] [main/WARN] [net.minecraftforge.common.ForgeConfigSpec/CORE]: Incorrect key spawning.devilsHolePupfishSpawnWeight was corrected from null to its default, 23. 
[19Jul2025 03:04:43.247] [main/WARN] [net.minecraftforge.common.ForgeConfigSpec/CORE]: Incorrect key spawning.devilsHolePupfishSpawnRolls was corrected from null to its default, 0. 
[19Jul2025 03:04:43.247] [main/WARN] [net.minecraftforge.common.ForgeConfigSpec/CORE]: Incorrect key spawning.catfishSpawnWeight was corrected from null to its default, 4. 
[19Jul2025 03:04:43.247] [main/WARN] [net.minecraftforge.common.ForgeConfigSpec/CORE]: Incorrect key spawning.catfishSpawnRolls was corrected from null to its default, 2. 
[19Jul2025 03:04:43.247] [main/WARN] [net.minecraftforge.common.ForgeConfigSpec/CORE]: Incorrect key spawning.flyingFishSpawnWeight was corrected from null to its default, 8. 
[19Jul2025 03:04:43.247] [main/WARN] [net.minecraftforge.common.ForgeConfigSpec/CORE]: Incorrect key spawning.flyingFishSpawnRolls was corrected from null to its default, 0. 
[19Jul2025 03:04:43.247] [main/WARN] [net.minecraftforge.common.ForgeConfigSpec/CORE]: Incorrect key spawning.skelewagSpawnWeight was corrected from null to its default, 15. 
[19Jul2025 03:04:43.247] [main/WARN] [net.minecraftforge.common.ForgeConfigSpec/CORE]: Incorrect key spawning.skelewagSpawnRolls was corrected from null to its default, 0. 
[19Jul2025 03:04:43.247] [main/WARN] [net.minecraftforge.common.ForgeConfigSpec/CORE]: Incorrect key spawning.rainFrogSpawnWeight was corrected from null to its default, 10. 
[19Jul2025 03:04:43.247] [main/WARN] [net.minecraftforge.common.ForgeConfigSpec/CORE]: Incorrect key spawning.rainFrogSpawnRolls was corrected from null to its default, 0. 
[19Jul2025 03:04:43.247] [main/WARN] [net.minecraftforge.common.ForgeConfigSpec/CORE]: Incorrect key spawning.potooSpawnWeight was corrected from null to its default, 15. 
[19Jul2025 03:04:43.247] [main/WARN] [net.minecraftforge.common.ForgeConfigSpec/CORE]: Incorrect key spawning.potooSpawnRolls was corrected from null to its default, 0. 
[19Jul2025 03:04:43.248] [main/WARN] [net.minecraftforge.common.ForgeConfigSpec/CORE]: Incorrect key spawning.mudskipperSpawnWeight was corrected from null to its default, 28. 
[19Jul2025 03:04:43.248] [main/WARN] [net.minecraftforge.common.ForgeConfigSpec/CORE]: Incorrect key spawning.mudskipperSpawnRolls was corrected from null to its default, 0. 
[19Jul2025 03:04:43.248] [main/WARN] [net.minecraftforge.common.ForgeConfigSpec/CORE]: Incorrect key spawning.rhinocerosSpawnWeight was corrected from null to its default, 24. 
[19Jul2025 03:04:43.248] [main/WARN] [net.minecraftforge.common.ForgeConfigSpec/CORE]: Incorrect key spawning.rhinocerosSpawnRolls was corrected from null to its default, 0. 
[19Jul2025 03:04:43.248] [main/WARN] [net.minecraftforge.common.ForgeConfigSpec/CORE]: Incorrect key spawning.sugarGliderSpawnWeight was corrected from null to its default, 15. 
[19Jul2025 03:04:43.248] [main/WARN] [net.minecraftforge.common.ForgeConfigSpec/CORE]: Incorrect key spawning.sugarGliderSpawnRolls was corrected from null to its default, 0. 
[19Jul2025 03:04:43.248] [main/WARN] [net.minecraftforge.common.ForgeConfigSpec/CORE]: Incorrect key spawning.farseerSpawnWeight was corrected from null to its default, 30. 
[19Jul2025 03:04:43.248] [main/WARN] [net.minecraftforge.common.ForgeConfigSpec/CORE]: Incorrect key spawning.farseerSpawnRolls was corrected from null to its default, 0. 
[19Jul2025 03:04:43.248] [main/WARN] [net.minecraftforge.common.ForgeConfigSpec/CORE]: Incorrect key spawning.skreecherSpawnWeight was corrected from null to its default, 10. 
[19Jul2025 03:04:43.249] [main/WARN] [net.minecraftforge.common.ForgeConfigSpec/CORE]: Incorrect key spawning.skreecherSpawnRolls was corrected from null to its default, 1. 
[19Jul2025 03:04:43.249] [main/WARN] [net.minecraftforge.common.ForgeConfigSpec/CORE]: Incorrect key spawning.underminerSpawnWeight was corrected from null to its default, 50. 
[19Jul2025 03:04:43.249] [main/WARN] [net.minecraftforge.common.ForgeConfigSpec/CORE]: Incorrect key spawning.underminerSpawnRolls was corrected from null to its default, 1. 
[19Jul2025 03:04:43.249] [main/WARN] [net.minecraftforge.common.ForgeConfigSpec/CORE]: Incorrect key spawning.murmurSpawnWeight was corrected from null to its default, 5. 
[19Jul2025 03:04:43.249] [main/WARN] [net.minecraftforge.common.ForgeConfigSpec/CORE]: Incorrect key spawning.murmurSpawnRolls was corrected from null to its default, 1. 
[19Jul2025 03:04:43.249] [main/WARN] [net.minecraftforge.common.ForgeConfigSpec/CORE]: Incorrect key spawning.skunkSpawnWeight was corrected from null to its default, 7. 
[19Jul2025 03:04:43.249] [main/WARN] [net.minecraftforge.common.ForgeConfigSpec/CORE]: Incorrect key spawning.skunkSpawnRolls was corrected from null to its default, 0. 
[19Jul2025 03:04:43.249] [main/WARN] [net.minecraftforge.common.ForgeConfigSpec/CORE]: Incorrect key spawning.bananaSlugSpawnWeight was corrected from null to its default, 14. 
[19Jul2025 03:04:43.249] [main/WARN] [net.minecraftforge.common.ForgeConfigSpec/CORE]: Incorrect key spawning.bananaSlugSpawnRolls was corrected from null to its default, 0. 
[19Jul2025 03:04:43.249] [main/WARN] [net.minecraftforge.common.ForgeConfigSpec/CORE]: Incorrect key spawning.blueJaySpawnWeight was corrected from null to its default, 16. 
[19Jul2025 03:04:43.250] [main/WARN] [net.minecraftforge.common.ForgeConfigSpec/CORE]: Incorrect key spawning.blueJaySpawnRolls was corrected from null to its default, 0. 
[19Jul2025 03:04:43.250] [main/WARN] [net.minecraftforge.common.ForgeConfigSpec/CORE]: Incorrect key spawning.caimanSpawnWeight was corrected from null to its default, 29. 
[19Jul2025 03:04:43.250] [main/WARN] [net.minecraftforge.common.ForgeConfigSpec/CORE]: Incorrect key spawning.caimanSpawnRolls was corrected from null to its default, 0. 
[19Jul2025 03:04:43.250] [main/WARN] [net.minecraftforge.common.ForgeConfigSpec/CORE]: Incorrect key spawning.triopsSpawnWeight was corrected from null to its default, 8. 
[19Jul2025 03:04:43.250] [main/WARN] [net.minecraftforge.common.ForgeConfigSpec/CORE]: Incorrect key spawning.triopsSpawnRolls was corrected from null to its default, 0. 
[19Jul2025 03:04:43.251] [main/WARN] [net.minecraftforge.common.ForgeConfigSpec/CORE]: Incorrect key uniqueSpawning was corrected from null to its default, SimpleCommentedConfig:{}. 
[19Jul2025 03:04:43.251] [main/WARN] [net.minecraftforge.common.ForgeConfigSpec/CORE]: Incorrect key uniqueSpawning.caveCentipedeSpawnHeight was corrected from null to its default, 0. 
[19Jul2025 03:04:43.251] [main/WARN] [net.minecraftforge.common.ForgeConfigSpec/CORE]: Incorrect key uniqueSpawning.blobfishSpawnHeight was corrected from null to its default, 25. 
[19Jul2025 03:04:43.252] [main/WARN] [net.minecraftforge.common.ForgeConfigSpec/CORE]: Incorrect key uniqueSpawning.beachedCachalotWhales was corrected from null to its default, true. 
[19Jul2025 03:04:43.252] [main/WARN] [net.minecraftforge.common.ForgeConfigSpec/CORE]: Incorrect key uniqueSpawning.beachedCachalotWhaleSpawnChance was corrected from null to its default, 5. 
[19Jul2025 03:04:43.252] [main/WARN] [net.minecraftforge.common.ForgeConfigSpec/CORE]: Incorrect key uniqueSpawning.beachedCachalotWhaleSpawnDelay was corrected from null to its default, 24000. 
[19Jul2025 03:04:43.252] [main/WARN] [net.minecraftforge.common.ForgeConfigSpec/CORE]: Incorrect key uniqueSpawning.leafcutterAnthillSpawnChance was corrected from null to its default, 0.004999999888241291. 
[19Jul2025 03:04:43.252] [main/WARN] [net.minecraftforge.common.ForgeConfigSpec/CORE]: Incorrect key uniqueSpawning.geladaMonkeySpawnRolls was corrected from null to its default, 0. 
[19Jul2025 03:04:43.252] [main/WARN] [net.minecraftforge.common.ForgeConfigSpec/CORE]: Incorrect key uniqueSpawning.restrictPupfishSpawns was corrected from null to its default, true. 
[19Jul2025 03:04:43.252] [main/WARN] [net.minecraftforge.common.ForgeConfigSpec/CORE]: Incorrect key uniqueSpawning.pupfishChunkSpawnDistance was corrected from null to its default, 2000. 
[19Jul2025 03:04:43.252] [main/WARN] [net.minecraftforge.common.ForgeConfigSpec/CORE]: Incorrect key uniqueSpawning.restrictSkelewagSpawns was corrected from null to its default, true. 
[19Jul2025 03:04:43.252] [main/WARN] [net.minecraftforge.common.ForgeConfigSpec/CORE]: Incorrect key uniqueSpawning.restrictFarseerSpawns was corrected from null to its default, true. 
[19Jul2025 03:04:43.252] [main/WARN] [net.minecraftforge.common.ForgeConfigSpec/CORE]: Incorrect key uniqueSpawning.restrictUnderminerSpawns was corrected from null to its default, true. 
[19Jul2025 03:04:43.252] [main/WARN] [net.minecraftforge.common.ForgeConfigSpec/CORE]: Incorrect key uniqueSpawning.farseerBorderSpawnDistance was corrected from null to its default, 100. 
[19Jul2025 03:04:43.253] [main/WARN] [net.minecraftforge.common.ForgeConfigSpec/CORE]: Incorrect key uniqueSpawning.murmurSpawnHeight was corrected from null to its default, -30. 
[19Jul2025 03:04:43.254] [main/WARN] [net.minecraftforge.common.ForgeConfigSpec/CORE]: Incorrect key dangerZone was corrected from null to its default, SimpleCommentedConfig:{}. 
[19Jul2025 03:04:43.254] [main/WARN] [net.minecraftforge.common.ForgeConfigSpec/CORE]: Incorrect key dangerZone.superSecretSettings was corrected from null to its default, false. 
[19Jul2025 03:04:43.254] [main/WARN] [net.minecraftforge.common.ForgeConfigSpec/CORE]: Incorrect key dangerZone.pathfindingThreads was corrected from null to its default, 5. 
[19Jul2025 03:04:43.317] [main/WARN] [net.minecraftforge.common.ForgeConfigSpec/CORE]: Configuration file /workspaces/Yeah/servidor_minecraft/config/iceandfire-common.toml is not correct. Correcting
[19Jul2025 03:04:43.318] [main/WARN] [net.minecraftforge.common.ForgeConfigSpec/CORE]: Incorrect key Generation was corrected from null to its default, SimpleCommentedConfig:{}. 
[19Jul2025 03:04:43.318] [main/WARN] [net.minecraftforge.common.ForgeConfigSpec/CORE]: Incorrect key Generation.Dragon was corrected from null to its default, SimpleCommentedConfig:{}. 
[19Jul2025 03:04:43.318] [main/WARN] [net.minecraftforge.common.ForgeConfigSpec/CORE]: Incorrect key Generation.Dragon.Generate Dragon Skeletons was corrected from null to its default, true. 
[19Jul2025 03:04:43.319] [main/WARN] [net.minecraftforge.common.ForgeConfigSpec/CORE]: Incorrect key Generation.Dragon.Generate Dragon Skeleton Chance was corrected from null to its default, 300. 
[19Jul2025 03:04:43.319] [main/WARN] [net.minecraftforge.common.ForgeConfigSpec/CORE]: Incorrect key Generation.Dragon.Generate Dragon Cave Chance was corrected from null to its default, 180. 
[19Jul2025 03:04:43.319] [main/WARN] [net.minecraftforge.common.ForgeConfigSpec/CORE]: Incorrect key Generation.Dragon.Generate Dragon Roost Chance was corrected from null to its default, 360. 
[19Jul2025 03:04:43.319] [main/WARN] [net.minecraftforge.common.ForgeConfigSpec/CORE]: Incorrect key Generation.Dragon.Dragon Den Gold Amount was corrected from null to its default, 4. 
[19Jul2025 03:04:43.319] [main/WARN] [net.minecraftforge.common.ForgeConfigSpec/CORE]: Incorrect key Generation.Dragon.Dragon Cave Ore Ratio was corrected from null to its default, 45. 
[19Jul2025 03:04:43.319] [main/WARN] [net.minecraftforge.common.ForgeConfigSpec/CORE]: Incorrect key Generation.Structures-Features was corrected from null to its default, SimpleCommentedConfig:{}. 
[19Jul2025 03:04:43.319] [main/WARN] [net.minecraftforge.common.ForgeConfigSpec/CORE]: Incorrect key Generation.Structures-Features.Dangerous World Gen Dist From Spawn was corrected from null to its default, 800. 
[19Jul2025 03:04:43.319] [main/WARN] [net.minecraftforge.common.ForgeConfigSpec/CORE]: Incorrect key Generation.Structures-Features.Dangerous World Gen Dist Seperation was corrected from null to its default, 300. 
[19Jul2025 03:04:43.320] [main/WARN] [net.minecraftforge.common.ForgeConfigSpec/CORE]: Incorrect key Generation.Structures-Features.Generate Glaciers was corrected from null to its default, true. 
[19Jul2025 03:04:43.320] [main/WARN] [net.minecraftforge.common.ForgeConfigSpec/CORE]: Incorrect key Generation.Structures-Features.Glacier Spawn Weight was corrected from null to its default, 4. 
[19Jul2025 03:04:43.320] [main/WARN] [net.minecraftforge.common.ForgeConfigSpec/CORE]: Incorrect key Generation.Structures-Features.Generate Mausoleums was corrected from null to its default, true. 
[19Jul2025 03:04:43.320] [main/WARN] [net.minecraftforge.common.ForgeConfigSpec/CORE]: Incorrect key Generation.Structures-Features.Generate Graveyards was corrected from null to its default, true. 
[19Jul2025 03:04:43.320] [main/WARN] [net.minecraftforge.common.ForgeConfigSpec/CORE]: Incorrect key Generation.Structures-Features.Generate Gorgon Temple was corrected from null to its default, true. 
[19Jul2025 03:04:43.320] [main/WARN] [net.minecraftforge.common.ForgeConfigSpec/CORE]: Incorrect key Dragons was corrected from null to its default, SimpleCommentedConfig:{}. 
[19Jul2025 03:04:43.320] [main/WARN] [net.minecraftforge.common.ForgeConfigSpec/CORE]: Incorrect key Dragons.Griefing was corrected from null to its default, SimpleCommentedConfig:{}. 
[19Jul2025 03:04:43.321] [main/WARN] [net.minecraftforge.common.ForgeConfigSpec/CORE]: Incorrect key Dragons.Griefing.Dragon Griefing was corrected from null to its default, 0. 
[19Jul2025 03:04:43.321] [main/WARN] [net.minecraftforge.common.ForgeConfigSpec/CORE]: Incorrect key Dragons.Griefing.Tamed Dragon Griefing was corrected from null to its default, true. 
[19Jul2025 03:04:43.321] [main/WARN] [net.minecraftforge.common.ForgeConfigSpec/CORE]: Incorrect key Dragons.Griefing.Dragon Block Breaking Drop Chance was corrected from null to its default, 0.10000000149011612. 
[19Jul2025 03:04:43.321] [main/WARN] [net.minecraftforge.common.ForgeConfigSpec/CORE]: Incorrect key Dragons.Attributes was corrected from null to its default, SimpleCommentedConfig:{}. 
[19Jul2025 03:04:43.321] [main/WARN] [net.minecraftforge.common.ForgeConfigSpec/CORE]: Incorrect key Dragons.Attributes.Dragon Egg Hatch Time was corrected from null to its default, 7200. 
[19Jul2025 03:04:43.321] [main/WARN] [net.minecraftforge.common.ForgeConfigSpec/CORE]: Incorrect key Dragons.Attributes.Dragon Flap Noise Distance was corrected from null to its default, 4. 
[19Jul2025 03:04:43.321] [main/WARN] [net.minecraftforge.common.ForgeConfigSpec/CORE]: Incorrect key Dragons.Attributes.Dragon Flute Distance was corrected from null to its default, 4. 
[19Jul2025 03:04:43.321] [main/WARN] [net.minecraftforge.common.ForgeConfigSpec/CORE]: Incorrect key Dragons.Attributes.Dragon Health was corrected from null to its default, 500.0. 
[19Jul2025 03:04:43.321] [main/WARN] [net.minecraftforge.common.ForgeConfigSpec/CORE]: Incorrect key Dragons.Attributes.Dragon Attack Damage was corrected from null to its default, 17. 
[19Jul2025 03:04:43.322] [main/WARN] [net.minecraftforge.common.ForgeConfigSpec/CORE]: Incorrect key Dragons.Attributes.Dragon Attack Damage(Fire breath) was corrected from null to its default, 2.0. 
[19Jul2025 03:04:43.322] [main/WARN] [net.minecraftforge.common.ForgeConfigSpec/CORE]: Incorrect key Dragons.Attributes.Dragon Attack Damage(Ice breath) was corrected from null to its default, 2.5. 
[19Jul2025 03:04:43.322] [main/WARN] [net.minecraftforge.common.ForgeConfigSpec/CORE]: Incorrect key Dragons.Attributes.Dragon Attack Damage(Lightning breath) was corrected from null to its default, 3.5. 
[19Jul2025 03:04:43.322] [main/WARN] [net.minecraftforge.common.ForgeConfigSpec/CORE]: Incorrect key Dragons.Attributes.Dragon Flight Speed Modifier was corrected from null to its default, 1.0. 
[19Jul2025 03:04:43.322] [main/WARN] [net.minecraftforge.common.ForgeConfigSpec/CORE]: Incorrect key Dragons.Attributes.Dragon Moved Wrongly Error Fix was corrected from null to its default, false. 
[19Jul2025 03:04:43.322] [main/WARN] [net.minecraftforge.common.ForgeConfigSpec/CORE]: Incorrect key Dragons.Behaviour was corrected from null to its default, SimpleCommentedConfig:{}. 
[19Jul2025 03:04:43.322] [main/WARN] [net.minecraftforge.common.ForgeConfigSpec/CORE]: Incorrect key Dragons.Behaviour.Max Dragon Flight Height was corrected from null to its default, 256. 
[19Jul2025 03:04:43.322] [main/WARN] [net.minecraftforge.common.ForgeConfigSpec/CORE]: Incorrect key Dragons.Behaviour.Dragon Gold Search Length was corrected from null to its default, 30. 
[19Jul2025 03:04:43.322] [main/WARN] [net.minecraftforge.common.ForgeConfigSpec/CORE]: Incorrect key Dragons.Behaviour.Dragon Bite Heal was corrected from null to its default, true. 
[19Jul2025 03:04:43.322] [main/WARN] [net.minecraftforge.common.ForgeConfigSpec/CORE]: Incorrect key Dragons.Behaviour.Dragons Despawn was corrected from null to its default, true. 
[19Jul2025 03:04:43.323] [main/WARN] [net.minecraftforge.common.ForgeConfigSpec/CORE]: Incorrect key Dragons.Behaviour.Tamed Dragons Sleep was corrected from null to its default, true. 
[19Jul2025 03:04:43.323] [main/WARN] [net.minecraftforge.common.ForgeConfigSpec/CORE]: Incorrect key Dragons.Behaviour.Dragons Dig When Stuck was corrected from null to its default, true. 
[19Jul2025 03:04:43.323] [main/WARN] [net.minecraftforge.common.ForgeConfigSpec/CORE]: Incorrect key Dragons.Behaviour.Dragons Drop Skull was corrected from null to its default, true. 
[19Jul2025 03:04:43.323] [main/WARN] [net.minecraftforge.common.ForgeConfigSpec/CORE]: Incorrect key Dragons.Behaviour.Dragons Drop Heart was corrected from null to its default, true. 
[19Jul2025 03:04:43.323] [main/WARN] [net.minecraftforge.common.ForgeConfigSpec/CORE]: Incorrect key Dragons.Behaviour.Dragons Drop Blood was corrected from null to its default, true. 
[19Jul2025 03:04:43.323] [main/WARN] [net.minecraftforge.common.ForgeConfigSpec/CORE]: Incorrect key Dragons.Behaviour.Explosive Dragon Breath was corrected from null to its default, false. 
[19Jul2025 03:04:43.323] [main/WARN] [net.minecraftforge.common.ForgeConfigSpec/CORE]: Incorrect key Dragons.Behaviour.Dragon Target Search Length was corrected from null to its default, 128. 
[19Jul2025 03:04:43.323] [main/WARN] [net.minecraftforge.common.ForgeConfigSpec/CORE]: Incorrect key Dragons.Behaviour.Dragon Wander From Home Distance was corrected from null to its default, 40. 
[19Jul2025 03:04:43.323] [main/WARN] [net.minecraftforge.common.ForgeConfigSpec/CORE]: Incorrect key Dragons.Behaviour.Dragon Hunger Tick Rate was corrected from null to its default, 3000. 
[19Jul2025 03:04:43.323] [main/WARN] [net.minecraftforge.common.ForgeConfigSpec/CORE]: Incorrect key Dragons.Behaviour.Dragon Block Break Cooldown was corrected from null to its default, 5. 
[19Jul2025 03:04:43.323] [main/WARN] [net.minecraftforge.common.ForgeConfigSpec/CORE]: Incorrect key Dragons.Behaviour.Villagers Fear Dragons was corrected from null to its default, true. 
[19Jul2025 03:04:43.324] [main/WARN] [net.minecraftforge.common.ForgeConfigSpec/CORE]: Incorrect key Dragons.Behaviour.Animals Fear Dragons was corrected from null to its default, true. 
[19Jul2025 03:04:43.324] [main/WARN] [net.minecraftforge.common.ForgeConfigSpec/CORE]: Incorrect key Dragons.Behaviour.Intelligent Dragon Pathfinding was corrected from null to its default, false. 
[19Jul2025 03:04:43.324] [main/WARN] [net.minecraftforge.common.ForgeConfigSpec/CORE]: Incorrect key Mobs was corrected from null to its default, SimpleCommentedConfig:{}. 
[19Jul2025 03:04:43.324] [main/WARN] [net.minecraftforge.common.ForgeConfigSpec/CORE]: Incorrect key Mobs.Pixies was corrected from null to its default, SimpleCommentedConfig:{}. 
[19Jul2025 03:04:43.324] [main/WARN] [net.minecraftforge.common.ForgeConfigSpec/CORE]: Incorrect key Mobs.Pixies.Spawn Pixies Chance was corrected from null to its default, 60. 
[19Jul2025 03:04:43.324] [main/WARN] [net.minecraftforge.common.ForgeConfigSpec/CORE]: Incorrect key Mobs.Pixies.Pixie Village Size was corrected from null to its default, 5. 
[19Jul2025 03:04:43.324] [main/WARN] [net.minecraftforge.common.ForgeConfigSpec/CORE]: Incorrect key Mobs.Pixies.Pixies Steal Items was corrected from null to its default, true. 
[19Jul2025 03:04:43.324] [main/WARN] [net.minecraftforge.common.ForgeConfigSpec/CORE]: Incorrect key Mobs.Cyclops was corrected from null to its default, SimpleCommentedConfig:{}. 
[19Jul2025 03:04:43.325] [main/WARN] [net.minecraftforge.common.ForgeConfigSpec/CORE]: Incorrect key Mobs.Cyclops.Spawn Cyclops Cave Chance was corrected from null to its default, 100. 
[19Jul2025 03:04:43.325] [main/WARN] [net.minecraftforge.common.ForgeConfigSpec/CORE]: Incorrect key Mobs.Cyclops.Spawn Wandering Cyclops Chance was corrected from null to its default, 100. 
[19Jul2025 03:04:43.325] [main/WARN] [net.minecraftforge.common.ForgeConfigSpec/CORE]: Incorrect key Mobs.Cyclops.Cyclops Max Health was corrected from null to its default, 150.0. 
[19Jul2025 03:04:43.325] [main/WARN] [net.minecraftforge.common.ForgeConfigSpec/CORE]: Incorrect key Mobs.Cyclops.Cyclopes Sheep Search Length was corrected from null to its default, 17. 
[19Jul2025 03:04:43.325] [main/WARN] [net.minecraftforge.common.ForgeConfigSpec/CORE]: Incorrect key Mobs.Cyclops.Cyclops Attack Strength was corrected from null to its default, 15.0. 
[19Jul2025 03:04:43.325] [main/WARN] [net.minecraftforge.common.ForgeConfigSpec/CORE]: Incorrect key Mobs.Cyclops.Cyclops Bite Strength was corrected from null to its default, 40.0. 
[19Jul2025 03:04:43.325] [main/WARN] [net.minecraftforge.common.ForgeConfigSpec/CORE]: Incorrect key Mobs.Cyclops.Cyclops Griefing was corrected from null to its default, true. 
[19Jul2025 03:04:43.325] [main/WARN] [net.minecraftforge.common.ForgeConfigSpec/CORE]: Incorrect key Mobs.Sirens was corrected from null to its default, SimpleCommentedConfig:{}. 
[19Jul2025 03:04:43.325] [main/WARN] [net.minecraftforge.common.ForgeConfigSpec/CORE]: Incorrect key Mobs.Sirens.Siren Max Health was corrected from null to its default, 50.0. 
[19Jul2025 03:04:43.325] [main/WARN] [net.minecraftforge.common.ForgeConfigSpec/CORE]: Incorrect key Mobs.Sirens.Use Siren Shader was corrected from null to its default, true. 
[19Jul2025 03:04:43.326] [main/WARN] [net.minecraftforge.common.ForgeConfigSpec/CORE]: Incorrect key Mobs.Sirens.Spawn Sirens Chance was corrected from null to its default, 400. 
[19Jul2025 03:04:43.326] [main/WARN] [net.minecraftforge.common.ForgeConfigSpec/CORE]: Incorrect key Mobs.Sirens.Siren Max Sing Time was corrected from null to its default, 12000. 
[19Jul2025 03:04:43.326] [main/WARN] [net.minecraftforge.common.ForgeConfigSpec/CORE]: Incorrect key Mobs.Sirens.Siren Time Between Songs was corrected from null to its default, 2000. 
[19Jul2025 03:04:43.326] [main/WARN] [net.minecraftforge.common.ForgeConfigSpec/CORE]: Incorrect key Mobs.DeathWorms was corrected from null to its default, SimpleCommentedConfig:{}. 
[19Jul2025 03:04:43.326] [main/WARN] [net.minecraftforge.common.ForgeConfigSpec/CORE]: Incorrect key Mobs.DeathWorms.Death Worm Target Search Length was corrected from null to its default, 64. 
[19Jul2025 03:04:43.326] [main/WARN] [net.minecraftforge.common.ForgeConfigSpec/CORE]: Incorrect key Mobs.DeathWorms.Death Worm Base Health was corrected from null to its default, 10.0. 
[19Jul2025 03:04:43.326] [main/WARN] [net.minecraftforge.common.ForgeConfigSpec/CORE]: Incorrect key Mobs.DeathWorms.Death Worm Base Attack Strength was corrected from null to its default, 3.0. 
[19Jul2025 03:04:43.326] [main/WARN] [net.minecraftforge.common.ForgeConfigSpec/CORE]: Incorrect key Mobs.DeathWorms.Death Worms Target Monsters was corrected from null to its default, true. 
[19Jul2025 03:04:43.326] [main/WARN] [net.minecraftforge.common.ForgeConfigSpec/CORE]: Incorrect key Mobs.DeathWorms.Death Worm Spawn Weight was corrected from null to its default, 30. 
[19Jul2025 03:04:43.327] [main/WARN] [net.minecraftforge.common.ForgeConfigSpec/CORE]: Incorrect key Mobs.Cockatrice was corrected from null to its default, SimpleCommentedConfig:{}. 
[19Jul2025 03:04:43.327] [main/WARN] [net.minecraftforge.common.ForgeConfigSpec/CORE]: Incorrect key Mobs.Cockatrice.Cockatrice Health was corrected from null to its default, 40.0. 
[19Jul2025 03:04:43.327] [main/WARN] [net.minecraftforge.common.ForgeConfigSpec/CORE]: Incorrect key Mobs.Cockatrice.Cockatrice chicken Search Length was corrected from null to its default, 30. 
[19Jul2025 03:04:43.327] [main/WARN] [net.minecraftforge.common.ForgeConfigSpec/CORE]: Incorrect key Mobs.Cockatrice.Chickens Lay Rotten Eggs was corrected from null to its default, true. 
[19Jul2025 03:04:43.327] [main/WARN] [net.minecraftforge.common.ForgeConfigSpec/CORE]: Incorrect key Mobs.Cockatrice.Spawn Cockatrices was corrected from null to its default, true. 
[19Jul2025 03:04:43.327] [main/WARN] [net.minecraftforge.common.ForgeConfigSpec/CORE]: Incorrect key Mobs.Cockatrice.Cockatrice Spawn Weight was corrected from null to its default, 4. 
[19Jul2025 03:04:43.327] [main/WARN] [net.minecraftforge.common.ForgeConfigSpec/CORE]: Incorrect key Mobs.Stymphalians was corrected from null to its default, SimpleCommentedConfig:{}. 
[19Jul2025 03:04:43.327] [main/WARN] [net.minecraftforge.common.ForgeConfigSpec/CORE]: Incorrect key Mobs.Stymphalians.Stymphalian Bird Target Search Length was corrected from null to its default, 64. 
[19Jul2025 03:04:43.327] [main/WARN] [net.minecraftforge.common.ForgeConfigSpec/CORE]: Incorrect key Mobs.Stymphalians.Stymphalian Bird Feather Drop Chance was corrected from null to its default, 25. 
[19Jul2025 03:04:43.327] [main/WARN] [net.minecraftforge.common.ForgeConfigSpec/CORE]: Incorrect key Mobs.Stymphalians.Stymphalian Bird Feather Attack Strength was corrected from null to its default, 1.0. 
[19Jul2025 03:04:43.328] [main/WARN] [net.minecraftforge.common.ForgeConfigSpec/CORE]: Incorrect key Mobs.Stymphalians.Stymphalian Bird Flock Length was corrected from null to its default, 40. 
[19Jul2025 03:04:43.328] [main/WARN] [net.minecraftforge.common.ForgeConfigSpec/CORE]: Incorrect key Mobs.Stymphalians.Max Stymphalian Bird Flight Height was corrected from null to its default, 80. 
[19Jul2025 03:04:43.328] [main/WARN] [net.minecraftforge.common.ForgeConfigSpec/CORE]: Incorrect key Mobs.Stymphalians.Stymphalian Birds drop ore dict items was corrected from null to its default, true. 
[19Jul2025 03:04:43.328] [main/WARN] [net.minecraftforge.common.ForgeConfigSpec/CORE]: Incorrect key Mobs.Stymphalians.Stymphalian Birds Target Animals was corrected from null to its default, false. 
[19Jul2025 03:04:43.328] [main/WARN] [net.minecraftforge.common.ForgeConfigSpec/CORE]: Incorrect key Mobs.Stymphalians.Spawn Stymhphalian Bird Chance was corrected from null to its default, 100. 
[19Jul2025 03:04:43.328] [main/WARN] [net.minecraftforge.common.ForgeConfigSpec/CORE]: Incorrect key Mobs.Trolls was corrected from null to its default, SimpleCommentedConfig:{}. 
[19Jul2025 03:04:43.328] [main/WARN] [net.minecraftforge.common.ForgeConfigSpec/CORE]: Incorrect key Mobs.Trolls.Spawn Trolls was corrected from null to its default, true. 
[19Jul2025 03:04:43.328] [main/WARN] [net.minecraftforge.common.ForgeConfigSpec/CORE]: Incorrect key Mobs.Trolls.Trolls Drop Weapon was corrected from null to its default, true. 
[19Jul2025 03:04:43.329] [main/WARN] [net.minecraftforge.common.ForgeConfigSpec/CORE]: Incorrect key Mobs.Trolls.Troll Spawn Weight was corrected from null to its default, 40. 
[19Jul2025 03:04:43.329] [main/WARN] [net.minecraftforge.common.ForgeConfigSpec/CORE]: Incorrect key Mobs.Trolls.Troll Max Health was corrected from null to its default, 50.0. 
[19Jul2025 03:04:43.329] [main/WARN] [net.minecraftforge.common.ForgeConfigSpec/CORE]: Incorrect key Mobs.Trolls.Troll Attack Strength was corrected from null to its default, 10.0. 
[19Jul2025 03:04:43.329] [main/WARN] [net.minecraftforge.common.ForgeConfigSpec/CORE]: Incorrect key Mobs.Myrmex was corrected from null to its default, SimpleCommentedConfig:{}. 
[19Jul2025 03:04:43.329] [main/WARN] [net.minecraftforge.common.ForgeConfigSpec/CORE]: Incorrect key Mobs.Myrmex.Myrmex Gestation Length was corrected from null to its default, 2500. 
[19Jul2025 03:04:43.329] [main/WARN] [net.minecraftforge.common.ForgeConfigSpec/CORE]: Incorrect key Mobs.Myrmex.Myrmex Hatch Length was corrected from null to its default, 35000. 
[19Jul2025 03:04:43.329] [main/WARN] [net.minecraftforge.common.ForgeConfigSpec/CORE]: Incorrect key Mobs.Myrmex.Myrmex Colony Gen Chance was corrected from null to its default, 150. 
[19Jul2025 03:04:43.329] [main/WARN] [net.minecraftforge.common.ForgeConfigSpec/CORE]: Incorrect key Mobs.Myrmex.Myrmex Colony Max Size was corrected from null to its default, 80. 
[19Jul2025 03:04:43.330] [main/WARN] [net.minecraftforge.common.ForgeConfigSpec/CORE]: Incorrect key Mobs.Myrmex.Myrmex Base Attack Strength was corrected from null to its default, 3.0. 
[19Jul2025 03:04:43.330] [main/WARN] [net.minecraftforge.common.ForgeConfigSpec/CORE]: Incorrect key Mobs.Myrmex.Myrmex Maximum Wander Radius was corrected from null to its default, 50. 
[19Jul2025 03:04:43.330] [main/WARN] [net.minecraftforge.common.ForgeConfigSpec/CORE]: Incorrect key Mobs.Myrmex.Myrmex Hive Ignore Daytime was corrected from null to its default, false. 
[19Jul2025 03:04:43.330] [main/WARN] [net.minecraftforge.common.ForgeConfigSpec/CORE]: Incorrect key Mobs.Amphitheres was corrected from null to its default, SimpleCommentedConfig:{}. 
[19Jul2025 03:04:43.330] [main/WARN] [net.minecraftforge.common.ForgeConfigSpec/CORE]: Incorrect key Mobs.Amphitheres.Spawn Amphitheres was corrected from null to its default, true. 
[19Jul2025 03:04:43.330] [main/WARN] [net.minecraftforge.common.ForgeConfigSpec/CORE]: Incorrect key Mobs.Amphitheres.Amphithere Spawn Weight was corrected from null to its default, 50. 
[19Jul2025 03:04:43.330] [main/WARN] [net.minecraftforge.common.ForgeConfigSpec/CORE]: Incorrect key Mobs.Amphitheres.Amphithere Villager Search Length was corrected from null to its default, 64. 
[19Jul2025 03:04:43.330] [main/WARN] [net.minecraftforge.common.ForgeConfigSpec/CORE]: Incorrect key Mobs.Amphitheres.Amphithere Tame Time was corrected from null to its default, 400. 
[19Jul2025 03:04:43.330] [main/WARN] [net.minecraftforge.common.ForgeConfigSpec/CORE]: Incorrect key Mobs.Amphitheres.Amphithere Flight Speed was corrected from null to its default, 1.75. 
[19Jul2025 03:04:43.331] [main/WARN] [net.minecraftforge.common.ForgeConfigSpec/CORE]: Incorrect key Mobs.Amphitheres.Amphithere Max Health was corrected from null to its default, 50.0. 
[19Jul2025 03:04:43.331] [main/WARN] [net.minecraftforge.common.ForgeConfigSpec/CORE]: Incorrect key Mobs.Amphitheres.Amphithere Attack Strength was corrected from null to its default, 7.0. 
[19Jul2025 03:04:43.331] [main/WARN] [net.minecraftforge.common.ForgeConfigSpec/CORE]: Incorrect key Mobs.SeaSerpents was corrected from null to its default, SimpleCommentedConfig:{}. 
[19Jul2025 03:04:43.331] [main/WARN] [net.minecraftforge.common.ForgeConfigSpec/CORE]: Incorrect key Mobs.SeaSerpents.Spawn Sea Serpent Chance was corrected from null to its default, 250. 
[19Jul2025 03:04:43.331] [main/WARN] [net.minecraftforge.common.ForgeConfigSpec/CORE]: Incorrect key Mobs.SeaSerpents.Sea Serpent Griefing was corrected from null to its default, true. 
[19Jul2025 03:04:43.331] [main/WARN] [net.minecraftforge.common.ForgeConfigSpec/CORE]: Incorrect key Mobs.SeaSerpents.Sea Serpent Base Health was corrected from null to its default, 20.0. 
[19Jul2025 03:04:43.331] [main/WARN] [net.minecraftforge.common.ForgeConfigSpec/CORE]: Incorrect key Mobs.SeaSerpents.Sea Serpent Base Attack Strength was corrected from null to its default, 4.0. 
[19Jul2025 03:04:43.331] [main/WARN] [net.minecraftforge.common.ForgeConfigSpec/CORE]: Incorrect key Mobs.Hippocampus was corrected from null to its default, SimpleCommentedConfig:{}. 
[19Jul2025 03:04:43.331] [main/WARN] [net.minecraftforge.common.ForgeConfigSpec/CORE]: Incorrect key Mobs.Hippocampus.Spawn Hippocampus Chance was corrected from null to its default, 40. 
[19Jul2025 03:04:43.332] [main/WARN] [net.minecraftforge.common.ForgeConfigSpec/CORE]: Incorrect key Mobs.Hippocampus.Hippocampus Swim Speed Modifier was corrected from null to its default, 1.0. 
[19Jul2025 03:04:43.332] [main/WARN] [net.minecraftforge.common.ForgeConfigSpec/CORE]: Incorrect key Mobs.Hippogryph was corrected from null to its default, SimpleCommentedConfig:{}. 
[19Jul2025 03:04:43.332] [main/WARN] [net.minecraftforge.common.ForgeConfigSpec/CORE]: Incorrect key Mobs.Hippogryph.Spawn Hippogryphs was corrected from null to its default, true. 
[19Jul2025 03:04:43.332] [main/WARN] [net.minecraftforge.common.ForgeConfigSpec/CORE]: Incorrect key Mobs.Hippogryph.Hippogryph Spawn Weight was corrected from null to its default, 2. 
[19Jul2025 03:04:43.332] [main/WARN] [net.minecraftforge.common.ForgeConfigSpec/CORE]: Incorrect key Mobs.Hippogryph.Hippogryph Flight Speed Modifier was corrected from null to its default, 1.0. 
[19Jul2025 03:04:43.332] [main/WARN] [net.minecraftforge.common.ForgeConfigSpec/CORE]: Incorrect key Mobs.Gorgons was corrected from null to its default, SimpleCommentedConfig:{}. 
[19Jul2025 03:04:43.332] [main/WARN] [net.minecraftforge.common.ForgeConfigSpec/CORE]: Incorrect key Mobs.Gorgons.Gorgon Max Health was corrected from null to its default, 100.0. 
[19Jul2025 03:04:43.332] [main/WARN] [net.minecraftforge.common.ForgeConfigSpec/CORE]: Incorrect key Mobs.Others was corrected from null to its default, SimpleCommentedConfig:{}. 
[19Jul2025 03:04:43.332] [main/WARN] [net.minecraftforge.common.ForgeConfigSpec/CORE]: Incorrect key Mobs.Others.Spawn Liches was corrected from null to its default, true. 
[19Jul2025 03:04:43.332] [main/WARN] [net.minecraftforge.common.ForgeConfigSpec/CORE]: Incorrect key Mobs.Others.Lich Spawn Weight was corrected from null to its default, 2. 
[19Jul2025 03:04:43.333] [main/WARN] [net.minecraftforge.common.ForgeConfigSpec/CORE]: Incorrect key Mobs.Others.Lich Spawn Chance was corrected from null to its default, 30. 
[19Jul2025 03:04:43.333] [main/WARN] [net.minecraftforge.common.ForgeConfigSpec/CORE]: Incorrect key Mobs.Others.Hydra Max Health was corrected from null to its default, 250.0. 
[19Jul2025 03:04:43.333] [main/WARN] [net.minecraftforge.common.ForgeConfigSpec/CORE]: Incorrect key Mobs.Others.Hydra Caves Gen Chance was corrected from null to its default, 60. 
[19Jul2025 03:04:43.333] [main/WARN] [net.minecraftforge.common.ForgeConfigSpec/CORE]: Incorrect key Mobs.Others.Ghost Max Health was corrected from null to its default, 30.0. 
[19Jul2025 03:04:43.333] [main/WARN] [net.minecraftforge.common.ForgeConfigSpec/CORE]: Incorrect key Mobs.Others.Ghost Attack Strength was corrected from null to its default, 3.0. 
[19Jul2025 03:04:43.333] [main/WARN] [net.minecraftforge.common.ForgeConfigSpec/CORE]: Incorrect key Mobs.Others.Ghost Spawn from PvP deaths was corrected from null to its default, true. 
[19Jul2025 03:04:43.333] [main/WARN] [net.minecraftforge.common.ForgeConfigSpec/CORE]: Incorrect key Mobs.Others.Villager Scribe House Weight was corrected from null to its default, 5. 
[19Jul2025 03:04:43.333] [main/WARN] [net.minecraftforge.common.ForgeConfigSpec/CORE]: Incorrect key Mobs.Others.Allow Attribute Overriding was corrected from null to its default, true. 
[19Jul2025 03:04:43.335] [main/WARN] [net.minecraftforge.common.ForgeConfigSpec/CORE]: Incorrect key Items was corrected from null to its default, SimpleCommentedConfig:{}. 
[19Jul2025 03:04:43.335] [main/WARN] [net.minecraftforge.common.ForgeConfigSpec/CORE]: Incorrect key Items.Dragonsteel Sword Base Attack Strength was corrected from null to its default, 25.0. 
[19Jul2025 03:04:43.335] [main/WARN] [net.minecraftforge.common.ForgeConfigSpec/CORE]: Incorrect key Items.Dragonsteel Base Armor was corrected from null to its default, 12. 
[19Jul2025 03:04:43.335] [main/WARN] [net.minecraftforge.common.ForgeConfigSpec/CORE]: Incorrect key Items.Dragonsteel Base Armor Toughness was corrected from null to its default, 6.0. 
[19Jul2025 03:04:43.335] [main/WARN] [net.minecraftforge.common.ForgeConfigSpec/CORE]: Incorrect key Items.Dragonsteel Base Durability was corrected from null to its default, 8000. 
[19Jul2025 03:04:43.335] [main/WARN] [net.minecraftforge.common.ForgeConfigSpec/CORE]: Incorrect key Items.Dragonsteel Base Durability Equipment was corrected from null to its default, 8000. 
[19Jul2025 03:04:43.336] [main/WARN] [net.minecraftforge.common.ForgeConfigSpec/CORE]: Incorrect key Items.Weezer was corrected from null to its default, true. 
[19Jul2025 03:04:43.336] [main/WARN] [net.minecraftforge.common.ForgeConfigSpec/CORE]: Incorrect key Items.Easter Egg Tinkers Tool Disarm chance was corrected from null to its default, 0.20000000298023224. 
[19Jul2025 03:04:43.336] [main/WARN] [net.minecraftforge.common.ForgeConfigSpec/CORE]: Incorrect key Items.Chunk Load Summon Crystal was corrected from null to its default, true. 
[19Jul2025 03:04:43.336] [main/WARN] [net.minecraftforge.common.ForgeConfigSpec/CORE]: Incorrect key Items.Dragon Bone Fire Abilities was corrected from null to its default, true. 
[19Jul2025 03:04:43.336] [main/WARN] [net.minecraftforge.common.ForgeConfigSpec/CORE]: Incorrect key Items.Dragon Bone Ice Abilities was corrected from null to its default, true. 
[19Jul2025 03:04:43.336] [main/WARN] [net.minecraftforge.common.ForgeConfigSpec/CORE]: Incorrect key Items.Dragon Bone Lightning Abilities was corrected from null to its default, true. 
[19Jul2025 03:04:43.337] [main/WARN] [net.minecraftforge.common.ForgeConfigSpec/CORE]: Incorrect key Pathfinding was corrected from null to its default, SimpleCommentedConfig:{}. 
[19Jul2025 03:04:43.337] [main/WARN] [net.minecraftforge.common.ForgeConfigSpec/CORE]: Incorrect key Pathfinding.Dragon Pathfinding Threads was corrected from null to its default, 3. 
[19Jul2025 03:04:43.337] [main/WARN] [net.minecraftforge.common.ForgeConfigSpec/CORE]: Incorrect key Pathfinding.Dragon Max Pathfinding Nodes was corrected from null to its default, 5000. 
[19Jul2025 03:04:43.337] [main/WARN] [net.minecraftforge.common.ForgeConfigSpec/CORE]: Incorrect key Pathfinding.Debug Pathfinding Mode was corrected from null to its default, false. 
[19Jul2025 03:04:43.361] [main/WARN] [net.minecraftforge.common.ForgeConfigSpec/CORE]: Configuration file /workspaces/Yeah/servidor_minecraft/config/structure_gel-common.toml is not correct. Correcting
[19Jul2025 03:04:43.361] [main/WARN] [net.minecraftforge.common.ForgeConfigSpec/CORE]: Incorrect key building_tool was corrected from null to its default, SimpleCommentedConfig:{}. 
[19Jul2025 03:04:43.362] [main/WARN] [net.minecraftforge.common.ForgeConfigSpec/CORE]: Incorrect key building_tool.max_undos was corrected from null to its default, 64. 
[19Jul2025 03:04:43.362] [main/WARN] [net.minecraftforge.common.ForgeConfigSpec/CORE]: Incorrect key building_tool.clipboard_size was corrected from null to its default, 9. 
[19Jul2025 03:04:43.362] [main/WARN] [net.minecraftforge.common.ForgeConfigSpec/CORE]: Incorrect key building_tool.expiration_time was corrected from null to its default, 24. 
[19Jul2025 03:04:43.362] [main/WARN] [net.minecraftforge.common.ForgeConfigSpec/CORE]: Incorrect key debug was corrected from null to its default, SimpleCommentedConfig:{}. 
[19Jul2025 03:04:43.362] [main/WARN] [net.minecraftforge.common.ForgeConfigSpec/CORE]: Incorrect key debug.console_debug was corrected from null to its default, false. 
[19Jul2025 03:04:43.362] [main/WARN] [net.minecraftforge.common.ForgeConfigSpec/CORE]: Incorrect key debug.advanced_gel_behavior was corrected from null to its default, true. 
[19Jul2025 03:04:43.363] [main/WARN] [net.minecraftforge.common.ForgeConfigSpec/CORE]: Configuration file /workspaces/Yeah/servidor_minecraft/config/weaponmaster-common.toml is not correct. Correcting
[19Jul2025 03:04:43.363] [main/WARN] [net.minecraftforge.common.ForgeConfigSpec/CORE]: Incorrect key common was corrected from null to its default, SimpleCommentedConfig:{}. 
[19Jul2025 03:04:43.363] [main/WARN] [net.minecraftforge.common.ForgeConfigSpec/CORE]: Incorrect key common.maxLevel was corrected from null to its default, 10. 
[19Jul2025 03:04:43.363] [main/WARN] [net.minecraftforge.common.ForgeConfigSpec/CORE]: Incorrect key common.keepOnDeath was corrected from null to its default, true. 
[19Jul2025 03:04:43.364] [main/WARN] [net.minecraftforge.common.ForgeConfigSpec/CORE]: Incorrect key common.giveBook was corrected from null to its default, true. 
[19Jul2025 03:04:43.364] [main/WARN] [net.minecraftforge.common.ForgeConfigSpec/CORE]: Incorrect key common.expMultiplier was corrected from null to its default, 1.0. 
[19Jul2025 03:04:43.364] [main/WARN] [net.minecraftforge.common.ForgeConfigSpec/CORE]: Incorrect key common.swordDamageMin was corrected from null to its default, 7. 
[19Jul2025 03:04:43.364] [main/WARN] [net.minecraftforge.common.ForgeConfigSpec/CORE]: Incorrect key common.swordDamageMax was corrected from null to its default, 16. 
[19Jul2025 03:04:43.364] [main/WARN] [net.minecraftforge.common.ForgeConfigSpec/CORE]: Incorrect key common.swordSpeedMin was corrected from null to its default, 1.6. 
[19Jul2025 03:04:43.364] [main/WARN] [net.minecraftforge.common.ForgeConfigSpec/CORE]: Incorrect key common.swordSpeedMax was corrected from null to its default, 3.0. 
[19Jul2025 03:04:43.364] [main/WARN] [net.minecraftforge.common.ForgeConfigSpec/CORE]: Incorrect key common.swordDurabilityMin was corrected from null to its default, 250. 
[19Jul2025 03:04:43.364] [main/WARN] [net.minecraftforge.common.ForgeConfigSpec/CORE]: Incorrect key common.swordDurabilityMax was corrected from null to its default, 2000. 
[19Jul2025 03:04:43.365] [main/WARN] [net.minecraftforge.common.ForgeConfigSpec/CORE]: Incorrect key common.rapierDamageMin was corrected from null to its default, 7. 
[19Jul2025 03:04:43.365] [main/WARN] [net.minecraftforge.common.ForgeConfigSpec/CORE]: Incorrect key common.rapierDamageMax was corrected from null to its default, 16. 
[19Jul2025 03:04:43.365] [main/WARN] [net.minecraftforge.common.ForgeConfigSpec/CORE]: Incorrect key common.rapierSpeedMin was corrected from null to its default, 1.8. 
[19Jul2025 03:04:43.365] [main/WARN] [net.minecraftforge.common.ForgeConfigSpec/CORE]: Incorrect key common.rapierSpeedMax was corrected from null to its default, 4.0. 
[19Jul2025 03:04:43.365] [main/WARN] [net.minecraftforge.common.ForgeConfigSpec/CORE]: Incorrect key common.rapierDurabilityMin was corrected from null to its default, 300. 
[19Jul2025 03:04:43.365] [main/WARN] [net.minecraftforge.common.ForgeConfigSpec/CORE]: Incorrect key common.rapierDurabilityMax was corrected from null to its default, 2500. 
[19Jul2025 03:04:43.365] [main/WARN] [net.minecraftforge.common.ForgeConfigSpec/CORE]: Incorrect key common.scytheDamageMin was corrected from null to its default, 9. 
[19Jul2025 03:04:43.365] [main/WARN] [net.minecraftforge.common.ForgeConfigSpec/CORE]: Incorrect key common.scytheDamageMax was corrected from null to its default, 22. 
[19Jul2025 03:04:43.365] [main/WARN] [net.minecraftforge.common.ForgeConfigSpec/CORE]: Incorrect key common.scytheSpeedMin was corrected from null to its default, 0.8. 
[19Jul2025 03:04:43.365] [main/WARN] [net.minecraftforge.common.ForgeConfigSpec/CORE]: Incorrect key common.scytheSpeedMax was corrected from null to its default, 1.6. 
[19Jul2025 03:04:43.365] [main/WARN] [net.minecraftforge.common.ForgeConfigSpec/CORE]: Incorrect key common.scytheDurabilityMin was corrected from null to its default, 250. 
[19Jul2025 03:04:43.365] [main/WARN] [net.minecraftforge.common.ForgeConfigSpec/CORE]: Incorrect key common.scytheDurabilityMax was corrected from null to its default, 2000. 
[19Jul2025 03:04:43.365] [main/WARN] [net.minecraftforge.common.ForgeConfigSpec/CORE]: Incorrect key common.polearmDamageMin was corrected from null to its default, 9. 
[19Jul2025 03:04:43.365] [main/WARN] [net.minecraftforge.common.ForgeConfigSpec/CORE]: Incorrect key common.polearmDamageMax was corrected from null to its default, 28. 
[19Jul2025 03:04:43.366] [main/WARN] [net.minecraftforge.common.ForgeConfigSpec/CORE]: Incorrect key common.polearmSpeedMin was corrected from null to its default, 0.8. 
[19Jul2025 03:04:43.366] [main/WARN] [net.minecraftforge.common.ForgeConfigSpec/CORE]: Incorrect key common.polearmSpeedMax was corrected from null to its default, 1.6. 
[19Jul2025 03:04:43.366] [main/WARN] [net.minecraftforge.common.ForgeConfigSpec/CORE]: Incorrect key common.polearmDurabilityMin was corrected from null to its default, 300. 
[19Jul2025 03:04:43.366] [main/WARN] [net.minecraftforge.common.ForgeConfigSpec/CORE]: Incorrect key common.polearmDurabilityMax was corrected from null to its default, 2500. 
[19Jul2025 03:04:43.368] [main/WARN] [net.minecraftforge.common.ForgeConfigSpec/CORE]: Configuration file /workspaces/Yeah/servidor_minecraft/config/TerramityCommonConfig.toml is not correct. Correcting
[19Jul2025 03:04:43.369] [main/WARN] [net.minecraftforge.common.ForgeConfigSpec/CORE]: Incorrect key Boss Health was corrected from null to its default, SimpleCommentedConfig:{}. 
[19Jul2025 03:04:43.369] [main/WARN] [net.minecraftforge.common.ForgeConfigSpec/CORE]: Incorrect key Boss Health.Gob, King of Gnomes Health was corrected from null to its default, 450.0. 
[19Jul2025 03:04:43.369] [main/WARN] [net.minecraftforge.common.ForgeConfigSpec/CORE]: Incorrect key Boss Health.Super Sniffer Health was corrected from null to its default, 550.0. 
[19Jul2025 03:04:43.369] [main/WARN] [net.minecraftforge.common.ForgeConfigSpec/CORE]: Incorrect key Boss Health.Ultra Sniffer Health was corrected from null to its default, 900.0. 
[19Jul2025 03:04:43.369] [main/WARN] [net.minecraftforge.common.ForgeConfigSpec/CORE]: Incorrect key Boss Health.Trial Guardian Health was corrected from null to its default, 800.0. 
[19Jul2025 03:04:43.369] [main/WARN] [net.minecraftforge.common.ForgeConfigSpec/CORE]: Incorrect key Boss Health.Virtue Health was corrected from null to its default, 700.0. 
[19Jul2025 03:04:43.369] [main/WARN] [net.minecraftforge.common.ForgeConfigSpec/CORE]: Incorrect key Boss Health.Enchanter Merlin Health was corrected from null to its default, 700.0. 
[19Jul2025 03:04:43.370] [main/WARN] [net.minecraftforge.common.ForgeConfigSpec/CORE]: Incorrect key Boss Health.Sorceress Circe Health was corrected from null to its default, 700.0. 
[19Jul2025 03:04:43.370] [main/WARN] [net.minecraftforge.common.ForgeConfigSpec/CORE]: Incorrect key Boss Health.Archmage Gundalf Health was corrected from null to its default, 1000.0. 
[19Jul2025 03:04:43.370] [main/WARN] [net.minecraftforge.common.ForgeConfigSpec/CORE]: Incorrect key Boss Health.Multiplayer Boss Health Scaling was corrected from null to its default, true. 
[19Jul2025 03:04:43.371] [main/WARN] [net.minecraftforge.common.ForgeConfigSpec/CORE]: Incorrect key Mob Health was corrected from null to its default, SimpleCommentedConfig:{}. 
[19Jul2025 03:04:43.371] [main/WARN] [net.minecraftforge.common.ForgeConfigSpec/CORE]: Incorrect key Mob Health.Duskrok Health was corrected from null to its default, 100.0. 
[19Jul2025 03:04:43.371] [main/WARN] [net.minecraftforge.common.ForgeConfigSpec/CORE]: Incorrect key Mob Health.Hellrok Health was corrected from null to its default, 200.0. 
[19Jul2025 03:04:43.371] [main/WARN] [net.minecraftforge.common.ForgeConfigSpec/CORE]: Incorrect key Bosses was corrected from null to its default, SimpleCommentedConfig:{}. 
[19Jul2025 03:04:43.371] [main/WARN] [net.minecraftforge.common.ForgeConfigSpec/CORE]: Incorrect key Bosses.Can Bosses Despawn was corrected from null to its default, true. 
[19Jul2025 03:04:43.371] [main/WARN] [net.minecraftforge.common.ForgeConfigSpec/CORE]: Incorrect key Mob Griefing was corrected from null to its default, SimpleCommentedConfig:{}. 
[19Jul2025 03:04:43.372] [main/WARN] [net.minecraftforge.common.ForgeConfigSpec/CORE]: Incorrect key Mob Griefing.MobGriefing was corrected from null to its default, true. 
[19Jul2025 03:04:43.374] [modloading-worker-0/INFO] [com.brass_amber.ba_bt.BABTMain/]: HELLO FROM COMMON SETUP
[19Jul2025 03:04:43.384] [modloading-worker-0/INFO] [CorgiLib/]: Initializing network...
[19Jul2025 03:04:43.394] [modloading-worker-0/INFO] [CorgiLib/]: Initialized network!
[19Jul2025 03:04:43.805] [Forge Version Check/INFO] [net.minecraftforge.fml.VersionChecker/]: [dungeons_plus] Starting version check at http://changelogs.moddinglegacy.com/dungeons-plus.json
[19Jul2025 03:04:44.010] [main/INFO] [journeymap/]: Initializing Packet Registries
[19Jul2025 03:04:44.116] [modloading-worker-0/INFO] [AttributeFix/]: Loaded values for 21 compatible attributes.
[19Jul2025 03:04:44.116] [modloading-worker-0/INFO] [AttributeFix/]: Creating a new config file at /workspaces/Yeah/servidor_minecraft/config/attributefix.json.
[19Jul2025 03:04:44.121] [modloading-worker-0/INFO] [AttributeFix/]: Saving config file. 21 entries.
[19Jul2025 03:04:44.121] [modloading-worker-0/INFO] [AttributeFix/]: Applying changes for 21 attributes.
[19Jul2025 03:04:44.388] [Forge Version Check/INFO] [net.minecraftforge.fml.VersionChecker/]: [dungeons_plus] Found status: BETA Current: 1.5.0 Target: null
[19Jul2025 03:04:44.389] [Forge Version Check/INFO] [net.minecraftforge.fml.VersionChecker/]: [attributefix] Starting version check at https://updates.blamejared.com/get?n=attributefix&gv=1.20.1
[19Jul2025 03:04:44.917] [Forge Version Check/INFO] [net.minecraftforge.fml.VersionChecker/]: [attributefix] Found status: BETA Current: 21.0.4 Target: 21.0.4
[19Jul2025 03:04:44.918] [Forge Version Check/INFO] [net.minecraftforge.fml.VersionChecker/]: [journeymap] Starting version check at https://forge.curseupdate.com/32274/journeymap
[19Jul2025 03:04:45.194] [Forge Version Check/INFO] [net.minecraftforge.fml.VersionChecker/]: [journeymap] Found status: UP_TO_DATE Current: 5.10.3 Target: null
[19Jul2025 03:04:45.195] [Forge Version Check/INFO] [net.minecraftforge.fml.VersionChecker/]: [bookshelf] Starting version check at https://updates.blamejared.com/get?n=bookshelf&gv=1.20.1
[19Jul2025 03:04:45.349] [Forge Version Check/INFO] [net.minecraftforge.fml.VersionChecker/]: [bookshelf] Found status: BETA Current: 20.2.13 Target: 20.2.13
[19Jul2025 03:04:45.349] [Forge Version Check/INFO] [net.minecraftforge.fml.VersionChecker/]: [forge] Starting version check at https://files.minecraftforge.net/net/minecraftforge/forge/promotions_slim.json
[19Jul2025 03:04:45.629] [Forge Version Check/INFO] [net.minecraftforge.fml.VersionChecker/]: [forge] Found status: OUTDATED Current: 47.3.7 Target: 47.4.0
[19Jul2025 03:04:45.629] [Forge Version Check/INFO] [net.minecraftforge.fml.VersionChecker/]: [structure_gel] Starting version check at http://changelogs.moddinglegacy.com/structure-gel.json
[19Jul2025 03:04:45.785] [Forge Version Check/INFO] [net.minecraftforge.fml.VersionChecker/]: [structure_gel] Found status: BETA Current: 2.16.2 Target: null
[19Jul2025 03:04:46.249] [main/INFO] [com.mojang.authlib.yggdrasil.YggdrasilAuthenticationService/]: Environment: authHost='https://authserver.mojang.com', accountsHost='https://api.mojang.com', sessionHost='https://sessionserver.mojang.com', servicesHost='https://api.minecraftservices.com', name='PROD'
[19Jul2025 03:04:46.287] [main/WARN] [net.minecraft.server.packs.VanillaPackResourcesBuilder/]: Assets URL 'union:/workspaces/Yeah/servidor_minecraft/libraries/net/minecraft/server/1.20.1-20230612.114412/server-1.20.1-20230612.114412-srg.jar%23159!/assets/.mcassetsroot' uses unexpected schema
[19Jul2025 03:04:46.287] [main/WARN] [net.minecraft.server.packs.VanillaPackResourcesBuilder/]: Assets URL 'union:/workspaces/Yeah/servidor_minecraft/libraries/net/minecraft/server/1.20.1-20230612.114412/server-1.20.1-20230612.114412-srg.jar%23159!/data/.mcassetsroot' uses unexpected schema
[19Jul2025 03:04:47.401] [main/INFO] [com.github.alexthe666.alexsmobs.AlexsMobs/]: Adding datapack listener capsid_recipes
[19Jul2025 03:04:47.519] [Worker-Main-3/ERROR] [net.minecraft.tags.TagLoader/]: Couldn't load tag minecraft:dragon_immune as it is missing following references: cataclysm:polished_obsidian_walls (from L_Enders_Cataclysm-3.06.jar)
[19Jul2025 03:04:50.053] [main/ERROR] [net.minecraft.world.item.crafting.RecipeManager/]: Parsing error loading recipe soulsweapons:frenzied_shade_disc
com.google.gson.JsonSyntaxException: Unknown item 'soulsweapons:frenzied_shade_disc'
	at net.minecraftforge.common.crafting.CraftingHelper.getItem(CraftingHelper.java:160) ~[forge-1.20.1-47.3.7-universal.jar%23164!/:?]
	at net.minecraftforge.common.crafting.CraftingHelper.getItemStack(CraftingHelper.java:186) ~[forge-1.20.1-47.3.7-universal.jar%23164!/:?]
	at net.minecraft.world.item.crafting.ShapedRecipe.m_151274_(ShapedRecipe.java:286) ~[server-1.20.1-20230612.114412-srg.jar%23159!/:?]
	at net.minecraft.world.item.crafting.ShapedRecipe$Serializer.m_6729_(ShapedRecipe.java:311) ~[server-1.20.1-20230612.114412-srg.jar%23159!/:?]
	at net.minecraft.world.item.crafting.ShapedRecipe$Serializer.m_6729_(ShapedRecipe.java:301) ~[server-1.20.1-20230612.114412-srg.jar%23159!/:?]
	at net.minecraftforge.common.extensions.IForgeRecipeSerializer.fromJson(IForgeRecipeSerializer.java:23) ~[forge-1.20.1-47.3.7-universal.jar%23164!/:?]
	at net.minecraft.world.item.crafting.RecipeManager.fromJson(RecipeManager.java:171) ~[server-1.20.1-20230612.114412-srg.jar%23159!/:?]
	at net.minecraft.world.item.crafting.RecipeManager.m_5787_(RecipeManager.java:67) ~[server-1.20.1-20230612.114412-srg.jar%23159!/:?]
	at net.minecraft.world.item.crafting.RecipeManager.m_5787_(RecipeManager.java:34) ~[server-1.20.1-20230612.114412-srg.jar%23159!/:?]
	at net.minecraft.server.packs.resources.SimplePreparableReloadListener.m_10789_(SimplePreparableReloadListener.java:13) ~[server-1.20.1-20230612.114412-srg.jar%23159!/:?]
	at java.util.concurrent.CompletableFuture$UniAccept.tryFire(CompletableFuture.java:718) ~[?:?]
	at java.util.concurrent.CompletableFuture$Completion.run(CompletableFuture.java:482) ~[?:?]
	at net.minecraft.server.packs.resources.SimpleReloadInstance.m_143940_(SimpleReloadInstance.java:69) ~[server-1.20.1-20230612.114412-srg.jar%23159!/:?]
	at net.minecraft.Util.m_214652_(Util.java:783) ~[server-1.20.1-20230612.114412-srg.jar%23159!/:?]
	at net.minecraft.Util.m_214679_(Util.java:772) ~[server-1.20.1-20230612.114412-srg.jar%23159!/:?]
	at net.minecraft.server.Main.main(Main.java:166) ~[server-1.20.1-20230612.114412-srg.jar%23159!/:?]
	at jdk.internal.reflect.NativeMethodAccessorImpl.invoke0(Native Method) ~[?:?]
	at jdk.internal.reflect.NativeMethodAccessorImpl.invoke(NativeMethodAccessorImpl.java:77) ~[?:?]
	at jdk.internal.reflect.DelegatingMethodAccessorImpl.invoke(DelegatingMethodAccessorImpl.java:43) ~[?:?]
	at java.lang.reflect.Method.invoke(Method.java:569) ~[?:?]
	at net.minecraftforge.fml.loading.targets.CommonLaunchHandler.runTarget(CommonLaunchHandler.java:111) ~[fmlloader-1.20.1-47.3.7.jar%2369!/:?]
	at net.minecraftforge.fml.loading.targets.CommonLaunchHandler.serverService(CommonLaunchHandler.java:103) ~[fmlloader-1.20.1-47.3.7.jar%2369!/:?]
	at net.minecraftforge.fml.loading.targets.CommonServerLaunchHandler.lambda$makeService$0(CommonServerLaunchHandler.java:27) ~[fmlloader-1.20.1-47.3.7.jar%2369!/:?]
	at cpw.mods.modlauncher.LaunchServiceHandlerDecorator.launch(LaunchServiceHandlerDecorator.java:30) ~[modlauncher-10.0.9.jar%2355!/:?]
	at cpw.mods.modlauncher.LaunchServiceHandler.launch(LaunchServiceHandler.java:53) ~[modlauncher-10.0.9.jar%2355!/:?]
	at cpw.mods.modlauncher.LaunchServiceHandler.launch(LaunchServiceHandler.java:71) ~[modlauncher-10.0.9.jar%2355!/:?]
	at cpw.mods.modlauncher.Launcher.run(Launcher.java:108) ~[modlauncher-10.0.9.jar%2355!/:?]
	at cpw.mods.modlauncher.Launcher.main(Launcher.java:78) ~[modlauncher-10.0.9.jar%2355!/:?]
	at cpw.mods.modlauncher.BootstrapLaunchConsumer.accept(BootstrapLaunchConsumer.java:26) ~[modlauncher-10.0.9.jar%2355!/:?]
	at cpw.mods.modlauncher.BootstrapLaunchConsumer.accept(BootstrapLaunchConsumer.java:23) ~[modlauncher-10.0.9.jar%2355!/:?]
	at cpw.mods.bootstraplauncher.BootstrapLauncher.main(BootstrapLauncher.java:141) ~[bootstraplauncher-1.1.2.jar:?]
[19Jul2025 03:04:50.069] [main/INFO] [net.minecraft.world.item.crafting.RecipeManager/]: Loaded 10 recipes
[19Jul2025 03:04:50.217] [main/ERROR] [net.minecraft.advancements.AdvancementList/]: Couldn't load advancement terramity:opaline_moonstone_advancement: Task Advancement{parentId=terramity:prismatic_jewel_advancement, display=net.minecraft.advancements.DisplayInfo@64610985, rewards=AdvancementRewards{experience=20, loot=[], recipes=[], function=net.minecraft.commands.CommandFunction$CacheableFunction@4919bb0d}, criteria={opaline_moonstone_advancement_0=net.minecraft.advancements.Criterion@25d6a569}, requirements=[[opaline_moonstone_advancement_0]], sends_telemetry_event=false}
[19Jul2025 03:04:50.217] [main/ERROR] [net.minecraft.advancements.AdvancementList/]: Couldn't load advancement terramity:ocarina_advancement: Task Advancement{parentId=terramity:prismatic_jewel_advancement, display=net.minecraft.advancements.DisplayInfo@35da0209, rewards=AdvancementRewards{experience=60, loot=[], recipes=[], function=net.minecraft.commands.CommandFunction$CacheableFunction@4919bb0d}, criteria={ocarina_advancement_0=net.minecraft.advancements.Criterion@25b71436}, requirements=[[ocarina_advancement_0]], sends_telemetry_event=false}
[19Jul2025 03:04:50.217] [main/ERROR] [net.minecraft.advancements.AdvancementList/]: Couldn't load advancement terramity:fairy_advancement: Task Advancement{parentId=terramity:deleted_mod_element, display=net.minecraft.advancements.DisplayInfo@23d1da5c, rewards=AdvancementRewards{experience=0, loot=[], recipes=[], function=net.minecraft.commands.CommandFunction$CacheableFunction@4919bb0d}, criteria={fairy_advancement_0=net.minecraft.advancements.Criterion@3eda6cb4}, requirements=[[fairy_advancement_0]], sends_telemetry_event=false}
[19Jul2025 03:04:50.218] [main/ERROR] [net.minecraft.advancements.AdvancementList/]: Couldn't load advancement terramity:prismatic_jewel_advancement: Task Advancement{parentId=terramity:fairy_advancement, display=net.minecraft.advancements.DisplayInfo@5629db24, rewards=AdvancementRewards{experience=0, loot=[], recipes=[], function=net.minecraft.commands.CommandFunction$CacheableFunction@4919bb0d}, criteria={prismatic_jewel_advancement_0=net.minecraft.advancements.Criterion@3b7bb299}, requirements=[[prismatic_jewel_advancement_0]], sends_telemetry_event=false}
[19Jul2025 03:04:50.218] [main/ERROR] [net.minecraft.advancements.AdvancementList/]: Couldn't load advancement terramity:frenzied_flame_advancement: Task Advancement{parentId=terramity:prismatic_jewel_advancement, display=net.minecraft.advancements.DisplayInfo@72059a3e, rewards=AdvancementRewards{experience=100, loot=[], recipes=[], function=net.minecraft.commands.CommandFunction$CacheableFunction@4919bb0d}, criteria={frenzied_flame_advancement_0=net.minecraft.advancements.Criterion@140c019d}, requirements=[[frenzied_flame_advancement_0]], sends_telemetry_event=false}
[19Jul2025 03:04:50.218] [main/ERROR] [net.minecraft.advancements.AdvancementList/]: Couldn't load advancement terramity:angel_feather_advancement: Task Advancement{parentId=terramity:prismatic_jewel_advancement, display=net.minecraft.advancements.DisplayInfo@5a081d30, rewards=AdvancementRewards{experience=20, loot=[], recipes=[], function=net.minecraft.commands.CommandFunction$CacheableFunction@4919bb0d}, criteria={angel_feather_advancement_0=net.minecraft.advancements.Criterion@2efcef05}, requirements=[[angel_feather_advancement_0]], sends_telemetry_event=false}
[19Jul2025 03:04:50.218] [main/ERROR] [net.minecraft.advancements.AdvancementList/]: Couldn't load advancement terramity:microcosm_advancement: Task Advancement{parentId=terramity:prismatic_jewel_advancement, display=net.minecraft.advancements.DisplayInfo@45d8c6ab, rewards=AdvancementRewards{experience=20, loot=[], recipes=[], function=net.minecraft.commands.CommandFunction$CacheableFunction@4919bb0d}, criteria={microcosm_advancement_0=net.minecraft.advancements.Criterion@c958dd2}, requirements=[[microcosm_advancement_0]], sends_telemetry_event=false}
[19Jul2025 03:04:50.219] [main/INFO] [net.minecraft.advancements.AdvancementList/]: Loaded 2215 advancements
[19Jul2025 03:04:50.228] [main/INFO] [top.theillusivec4.curios.Curios/]: Loaded 11 curio slots
[19Jul2025 03:04:50.232] [main/INFO] [top.theillusivec4.curios.Curios/]: Loaded 1 curio entities
[19Jul2025 03:04:50.255] [main/WARN] [net.minecraft.core.MappedRegistry/]: Not all defined tags for registry ResourceKey[minecraft:root / minecraft:worldgen/structure] are present in data pack: minecraft:structure/land_tower_avoid_structures, minecraft:structure/ocean_tower_avoid_structures
[19Jul2025 03:04:51.299] [Server thread/INFO] [net.minecraft.server.dedicated.DedicatedServer/]: Starting minecraft server version 1.20.1
[19Jul2025 03:04:51.300] [Server thread/INFO] [net.minecraft.server.dedicated.DedicatedServer/]: Loading properties
[19Jul2025 03:04:51.300] [Server thread/INFO] [net.minecraft.server.dedicated.DedicatedServer/]: Default game type: SURVIVAL
[19Jul2025 03:04:51.300] [Server thread/INFO] [net.minecraft.server.MinecraftServer/]: Generating keypair
[19Jul2025 03:04:51.443] [Server thread/INFO] [net.minecraft.server.dedicated.DedicatedServer/]: Starting Minecraft server on *:25565
[19Jul2025 03:04:51.463] [Server thread/INFO] [net.minecraft.server.network.ServerConnectionListener/]: Using epoll channel type
[19Jul2025 03:04:51.527] [Server thread/WARN] [net.minecraft.server.dedicated.DedicatedServer/]: **** SERVER IS RUNNING IN OFFLINE/INSECURE MODE!
[19Jul2025 03:04:51.527] [Server thread/WARN] [net.minecraft.server.dedicated.DedicatedServer/]: The server will make no attempt to authenticate usernames. Beware.
[19Jul2025 03:04:51.527] [Server thread/WARN] [net.minecraft.server.dedicated.DedicatedServer/]: While this makes the game possible to play without internet access, it also opens up the ability for hackers to connect with any username they choose.
[19Jul2025 03:04:51.527] [Server thread/WARN] [net.minecraft.server.dedicated.DedicatedServer/]: To change this, set "online-mode" to "true" in the server.properties file.
[19Jul2025 03:04:51.540] [Server thread/WARN] [net.minecraftforge.common.ForgeConfigSpec/CORE]: Configuration file ./world/serverconfig/jei-server.toml is not correct. Correcting
[19Jul2025 03:04:51.540] [Server thread/WARN] [net.minecraftforge.common.ForgeConfigSpec/CORE]: Incorrect key cheat mode was corrected from null to its default, SimpleCommentedConfig:{}. 
[19Jul2025 03:04:51.541] [Server thread/WARN] [net.minecraftforge.common.ForgeConfigSpec/CORE]: Incorrect key cheat mode.enableCheatModeForOp was corrected from null to its default, true. 
[19Jul2025 03:04:51.541] [Server thread/WARN] [net.minecraftforge.common.ForgeConfigSpec/CORE]: Incorrect key cheat mode.enableCheatModeForCreative was corrected from null to its default, true. 
[19Jul2025 03:04:51.541] [Server thread/WARN] [net.minecraftforge.common.ForgeConfigSpec/CORE]: Incorrect key cheat mode.enableCheatModeForGive was corrected from null to its default, false. 
[19Jul2025 03:04:51.543] [Server thread/WARN] [net.minecraftforge.common.ForgeConfigSpec/CORE]: Configuration file ./world/serverconfig/curios-server.toml is not correct. Correcting
[19Jul2025 03:04:51.543] [Server thread/WARN] [net.minecraftforge.common.ForgeConfigSpec/CORE]: Incorrect key keepCurios was corrected from null to its default, DEFAULT. 
[19Jul2025 03:04:51.544] [Server thread/WARN] [net.minecraftforge.common.ForgeConfigSpec/CORE]: Incorrect key menu was corrected from null to its default, SimpleCommentedConfig:{}. 
[19Jul2025 03:04:51.544] [Server thread/WARN] [net.minecraftforge.common.ForgeConfigSpec/CORE]: Incorrect key menu.enableLegacyMenu was corrected from null to its default, false. 
[19Jul2025 03:04:51.544] [Server thread/WARN] [net.minecraftforge.common.ForgeConfigSpec/CORE]: Incorrect key menu.experimental was corrected from null to its default, SimpleCommentedConfig:{}. 
[19Jul2025 03:04:51.545] [Server thread/WARN] [net.minecraftforge.common.ForgeConfigSpec/CORE]: Incorrect key menu.experimental.minimumColumns was corrected from null to its default, 1. 
[19Jul2025 03:04:51.545] [Server thread/WARN] [net.minecraftforge.common.ForgeConfigSpec/CORE]: Incorrect key menu.experimental.maxSlotsPerPage was corrected from null to its default, 48. 
[19Jul2025 03:04:51.546] [Server thread/WARN] [net.minecraftforge.common.ForgeConfigSpec/CORE]: Configuration file ./world/serverconfig/journeymap-server.toml is not correct. Correcting
[19Jul2025 03:04:51.547] [Server thread/WARN] [net.minecraftforge.common.ForgeConfigSpec/CORE]: Incorrect key admins was corrected from null to its default, SimpleCommentedConfig:{}. 
[19Jul2025 03:04:51.547] [Server thread/WARN] [net.minecraftforge.common.ForgeConfigSpec/CORE]: Incorrect key admins.opAccess was corrected from null to its default, true. 
[19Jul2025 03:04:51.547] [Server thread/WARN] [net.minecraftforge.common.ForgeConfigSpec/CORE]: Incorrect key admins.serverAdmins was corrected from null to its default, [mysticdrew, 79f597fe-2877-4ecb-acdf-8c58cc1854ca]. 
[19Jul2025 03:04:51.548] [Server thread/INFO] [journeymap/]: Loading JourneyMap Forge Configs
[19Jul2025 03:04:51.549] [Thread-1/INFO] [journeymap/]: Loading JourneyMap Forge Configs
[19Jul2025 03:04:51.549] [Server thread/WARN] [net.minecraftforge.common.ForgeConfigSpec/CORE]: Configuration file ./world/serverconfig/forge-server.toml is not correct. Correcting
[19Jul2025 03:04:51.550] [Server thread/WARN] [net.minecraftforge.common.ForgeConfigSpec/CORE]: Incorrect key server was corrected from null to its default, SimpleCommentedConfig:{}. 
[19Jul2025 03:04:51.551] [Server thread/WARN] [net.minecraftforge.common.ForgeConfigSpec/CORE]: Incorrect key server.removeErroringBlockEntities was corrected from null to its default, false. 
[19Jul2025 03:04:51.551] [Server thread/WARN] [net.minecraftforge.common.ForgeConfigSpec/CORE]: Incorrect key server.removeErroringEntities was corrected from null to its default, false. 
[19Jul2025 03:04:51.551] [Server thread/WARN] [net.minecraftforge.common.ForgeConfigSpec/CORE]: Incorrect key server.fullBoundingBoxLadders was corrected from null to its default, false. 
[19Jul2025 03:04:51.552] [Server thread/WARN] [net.minecraftforge.common.ForgeConfigSpec/CORE]: Incorrect key server.zombieBaseSummonChance was corrected from null to its default, 0.1. 
[19Jul2025 03:04:51.552] [Server thread/WARN] [net.minecraftforge.common.ForgeConfigSpec/CORE]: Incorrect key server.zombieBabyChance was corrected from null to its default, 0.05. 
[19Jul2025 03:04:51.553] [Server thread/WARN] [net.minecraftforge.common.ForgeConfigSpec/CORE]: Incorrect key server.permissionHandler was corrected from null to its default, forge:default_handler. 
[19Jul2025 03:04:51.553] [Server thread/WARN] [net.minecraftforge.common.ForgeConfigSpec/CORE]: Incorrect key server.advertiseDedicatedServerToLan was corrected from null to its default, true. 
[19Jul2025 03:04:51.708] [Server thread/INFO] [com.brass_amber.ba_bt.BABTMain/]: Server: net.minecraft.server.dedicated.DedicatedServer@2d12cfc4
[19Jul2025 03:04:51.794] [Server thread/INFO] [citadel/]: merged 6 surface rules with vanilla rule SequenceRuleSource
[19Jul2025 03:04:51.813] [Server thread/INFO] [net.minecraft.server.dedicated.DedicatedServer/]: Preparing level "world"
[19Jul2025 03:04:59.885] [Worker-Main-1/WARN] [net.minecraft.world.entity.ai.attributes.AttributeMap/]: Ignoring unknown attribute 'reach-entity-attributes:reach'
[19Jul2025 03:04:59.887] [Worker-Main-1/WARN] [net.minecraft.world.entity.ai.attributes.AttributeMap/]: Ignoring unknown attribute 'reach-entity-attributes:reach'
[19Jul2025 03:04:59.889] [Worker-Main-1/WARN] [net.minecraft.world.entity.ai.attributes.AttributeMap/]: Ignoring unknown attribute 'reach-entity-attributes:reach'
[19Jul2025 03:04:59.890] [Worker-Main-1/WARN] [net.minecraft.world.entity.ai.attributes.AttributeMap/]: Ignoring unknown attribute 'reach-entity-attributes:reach'
[19Jul2025 03:05:00.753] [Server thread/INFO] [net.minecraft.server.MinecraftServer/]: Preparing start region for dimension minecraft:overworld
[19Jul2025 03:05:01.443] [Worker-Main-1/INFO] [net.minecraft.server.level.progress.LoggerChunkProgressListener/]: Preparing spawn area: 0%
[19Jul2025 03:05:01.446] [Worker-Main-2/INFO] [net.minecraft.server.level.progress.LoggerChunkProgressListener/]: Preparing spawn area: 0%
[19Jul2025 03:05:01.827] [Worker-Main-1/INFO] [net.minecraft.server.level.progress.LoggerChunkProgressListener/]: Preparing spawn area: 0%
[19Jul2025 03:05:02.304] [Worker-Main-2/INFO] [net.minecraft.server.level.progress.LoggerChunkProgressListener/]: Preparing spawn area: 0%
[19Jul2025 03:05:02.727] [Worker-Main-3/WARN] [net.minecraft.world.entity.ai.attributes.AttributeMap/]: Ignoring unknown attribute 'reach-entity-attributes:reach'
[19Jul2025 03:05:02.756] [Worker-Main-3/INFO] [net.minecraft.server.level.progress.LoggerChunkProgressListener/]: Preparing spawn area: 0%
[19Jul2025 03:05:03.229] [Worker-Main-3/WARN] [net.minecraft.world.entity.ai.attributes.AttributeMap/]: Ignoring unknown attribute 'reach-entity-attributes:reach'
[19Jul2025 03:05:03.231] [Worker-Main-3/WARN] [net.minecraft.world.entity.ai.attributes.AttributeMap/]: Ignoring unknown attribute 'reach-entity-attributes:reach'
[19Jul2025 03:05:03.232] [Worker-Main-3/WARN] [net.minecraft.world.entity.ai.attributes.AttributeMap/]: Ignoring unknown attribute 'reach-entity-attributes:reach'
[19Jul2025 03:05:03.264] [Worker-Main-3/INFO] [net.minecraft.server.level.progress.LoggerChunkProgressListener/]: Preparing spawn area: 0%
[19Jul2025 03:05:03.275] [Worker-Main-3/WARN] [net.minecraft.world.entity.ai.attributes.AttributeMap/]: Ignoring unknown attribute 'reach-entity-attributes:reach'
[19Jul2025 03:05:03.276] [Worker-Main-3/WARN] [net.minecraft.world.entity.ai.attributes.AttributeMap/]: Ignoring unknown attribute 'reach-entity-attributes:reach'
[19Jul2025 03:05:03.277] [Worker-Main-3/WARN] [net.minecraft.world.entity.ai.attributes.AttributeMap/]: Ignoring unknown attribute 'reach-entity-attributes:reach'
[19Jul2025 03:05:03.815] [Worker-Main-1/INFO] [net.minecraft.server.level.progress.LoggerChunkProgressListener/]: Preparing spawn area: 0%
[19Jul2025 03:05:04.263] [Worker-Main-3/INFO] [net.minecraft.server.level.progress.LoggerChunkProgressListener/]: Preparing spawn area: 1%
[19Jul2025 03:05:04.776] [Worker-Main-3/INFO] [net.minecraft.server.level.progress.LoggerChunkProgressListener/]: Preparing spawn area: 1%
[19Jul2025 03:05:05.259] [Worker-Main-3/INFO] [net.minecraft.server.level.progress.LoggerChunkProgressListener/]: Preparing spawn area: 2%
[19Jul2025 03:05:05.790] [Worker-Main-2/INFO] [net.minecraft.server.level.progress.LoggerChunkProgressListener/]: Preparing spawn area: 3%
[19Jul2025 03:05:06.255] [Worker-Main-3/INFO] [net.minecraft.server.level.progress.LoggerChunkProgressListener/]: Preparing spawn area: 3%
[19Jul2025 03:05:06.869] [Worker-Main-3/INFO] [net.minecraft.server.level.progress.LoggerChunkProgressListener/]: Preparing spawn area: 4%
[19Jul2025 03:05:07.299] [Worker-Main-3/INFO] [net.minecraft.server.level.progress.LoggerChunkProgressListener/]: Preparing spawn area: 4%
[19Jul2025 03:05:07.777] [Worker-Main-1/INFO] [net.minecraft.server.level.progress.LoggerChunkProgressListener/]: Preparing spawn area: 6%
[19Jul2025 03:05:08.255] [Worker-Main-2/INFO] [net.minecraft.server.level.progress.LoggerChunkProgressListener/]: Preparing spawn area: 7%
[19Jul2025 03:05:08.788] [Worker-Main-2/INFO] [net.minecraft.server.level.progress.LoggerChunkProgressListener/]: Preparing spawn area: 8%
[19Jul2025 03:05:09.273] [Worker-Main-3/INFO] [net.minecraft.server.level.progress.LoggerChunkProgressListener/]: Preparing spawn area: 9%
[19Jul2025 03:05:09.765] [Worker-Main-3/INFO] [net.minecraft.server.level.progress.LoggerChunkProgressListener/]: Preparing spawn area: 10%
[19Jul2025 03:05:10.298] [Worker-Main-2/INFO] [net.minecraft.server.level.progress.LoggerChunkProgressListener/]: Preparing spawn area: 12%
[19Jul2025 03:05:10.771] [Worker-Main-2/INFO] [net.minecraft.server.level.progress.LoggerChunkProgressListener/]: Preparing spawn area: 13%
[19Jul2025 03:05:11.260] [Worker-Main-3/INFO] [net.minecraft.server.level.progress.LoggerChunkProgressListener/]: Preparing spawn area: 15%
[19Jul2025 03:05:11.770] [Worker-Main-1/INFO] [net.minecraft.server.level.progress.LoggerChunkProgressListener/]: Preparing spawn area: 16%
[19Jul2025 03:05:12.259] [Worker-Main-2/INFO] [net.minecraft.server.level.progress.LoggerChunkProgressListener/]: Preparing spawn area: 16%
[19Jul2025 03:05:12.755] [Worker-Main-2/INFO] [net.minecraft.server.level.progress.LoggerChunkProgressListener/]: Preparing spawn area: 18%
[19Jul2025 03:05:13.265] [Worker-Main-2/INFO] [net.minecraft.server.level.progress.LoggerChunkProgressListener/]: Preparing spawn area: 20%
[19Jul2025 03:05:13.759] [Worker-Main-3/INFO] [net.minecraft.server.level.progress.LoggerChunkProgressListener/]: Preparing spawn area: 21%
[19Jul2025 03:05:14.295] [Worker-Main-1/INFO] [net.minecraft.server.level.progress.LoggerChunkProgressListener/]: Preparing spawn area: 22%
[19Jul2025 03:05:14.754] [Worker-Main-2/INFO] [net.minecraft.server.level.progress.LoggerChunkProgressListener/]: Preparing spawn area: 23%
[19Jul2025 03:05:15.265] [Worker-Main-3/INFO] [net.minecraft.server.level.progress.LoggerChunkProgressListener/]: Preparing spawn area: 25%
[19Jul2025 03:05:15.766] [Worker-Main-2/INFO] [net.minecraft.server.level.progress.LoggerChunkProgressListener/]: Preparing spawn area: 26%
[19Jul2025 03:05:16.263] [Worker-Main-2/INFO] [net.minecraft.server.level.progress.LoggerChunkProgressListener/]: Preparing spawn area: 28%
[19Jul2025 03:05:16.755] [Worker-Main-1/INFO] [net.minecraft.server.level.progress.LoggerChunkProgressListener/]: Preparing spawn area: 30%
[19Jul2025 03:05:17.269] [Worker-Main-3/INFO] [net.minecraft.server.level.progress.LoggerChunkProgressListener/]: Preparing spawn area: 31%
[19Jul2025 03:05:17.756] [Worker-Main-1/INFO] [net.minecraft.server.level.progress.LoggerChunkProgressListener/]: Preparing spawn area: 33%
[19Jul2025 03:05:18.294] [Worker-Main-2/INFO] [net.minecraft.server.level.progress.LoggerChunkProgressListener/]: Preparing spawn area: 35%
[19Jul2025 03:05:18.769] [Worker-Main-3/INFO] [net.minecraft.server.level.progress.LoggerChunkProgressListener/]: Preparing spawn area: 36%
[19Jul2025 03:05:19.254] [Worker-Main-2/INFO] [net.minecraft.server.level.progress.LoggerChunkProgressListener/]: Preparing spawn area: 38%
[19Jul2025 03:05:19.319] [Worker-Main-1/WARN] [net.minecraft.world.entity.ai.attributes.AttributeMap/]: Ignoring unknown attribute 'reach-entity-attributes:reach'
[19Jul2025 03:05:19.320] [Worker-Main-1/WARN] [net.minecraft.world.entity.ai.attributes.AttributeMap/]: Ignoring unknown attribute 'reach-entity-attributes:reach'
[19Jul2025 03:05:19.321] [Worker-Main-1/WARN] [net.minecraft.world.entity.ai.attributes.AttributeMap/]: Ignoring unknown attribute 'reach-entity-attributes:reach'
[19Jul2025 03:05:19.322] [Worker-Main-1/WARN] [net.minecraft.world.entity.ai.attributes.AttributeMap/]: Ignoring unknown attribute 'reach-entity-attributes:reach'
[19Jul2025 03:05:19.385] [Worker-Main-3/WARN] [net.minecraft.world.entity.ai.attributes.AttributeMap/]: Ignoring unknown attribute 'reach-entity-attributes:reach'
[19Jul2025 03:05:19.386] [Worker-Main-3/WARN] [net.minecraft.world.entity.ai.attributes.AttributeMap/]: Ignoring unknown attribute 'reach-entity-attributes:reach'
[19Jul2025 03:05:19.387] [Worker-Main-3/WARN] [net.minecraft.world.entity.ai.attributes.AttributeMap/]: Ignoring unknown attribute 'reach-entity-attributes:reach'
[19Jul2025 03:05:19.388] [Worker-Main-3/WARN] [net.minecraft.world.entity.ai.attributes.AttributeMap/]: Ignoring unknown attribute 'reach-entity-attributes:reach'
[19Jul2025 03:05:19.768] [Worker-Main-1/INFO] [net.minecraft.server.level.progress.LoggerChunkProgressListener/]: Preparing spawn area: 40%
[19Jul2025 03:05:20.273] [Worker-Main-2/INFO] [net.minecraft.server.level.progress.LoggerChunkProgressListener/]: Preparing spawn area: 42%
[19Jul2025 03:05:20.760] [Worker-Main-2/INFO] [net.minecraft.server.level.progress.LoggerChunkProgressListener/]: Preparing spawn area: 43%
[19Jul2025 03:05:21.307] [Worker-Main-2/INFO] [net.minecraft.server.level.progress.LoggerChunkProgressListener/]: Preparing spawn area: 44%
[19Jul2025 03:05:21.758] [Worker-Main-2/INFO] [net.minecraft.server.level.progress.LoggerChunkProgressListener/]: Preparing spawn area: 45%
[19Jul2025 03:05:22.282] [Worker-Main-3/INFO] [net.minecraft.server.level.progress.LoggerChunkProgressListener/]: Preparing spawn area: 47%
[19Jul2025 03:05:23.583] [Worker-Main-1/INFO] [net.minecraft.server.level.progress.LoggerChunkProgressListener/]: Preparing spawn area: 48%
[19Jul2025 03:05:23.584] [Worker-Main-1/INFO] [net.minecraft.server.level.progress.LoggerChunkProgressListener/]: Preparing spawn area: 48%
[19Jul2025 03:05:23.684] [Worker-Main-1/WARN] [net.minecraft.world.entity.ai.attributes.AttributeMap/]: Ignoring unknown attribute 'reach-entity-attributes:reach'
[19Jul2025 03:05:23.758] [Worker-Main-3/INFO] [net.minecraft.server.level.progress.LoggerChunkProgressListener/]: Preparing spawn area: 48%
[19Jul2025 03:05:24.267] [Worker-Main-2/INFO] [net.minecraft.server.level.progress.LoggerChunkProgressListener/]: Preparing spawn area: 51%
[19Jul2025 03:05:24.437] [Worker-Main-1/WARN] [net.minecraft.world.entity.ai.attributes.AttributeMap/]: Ignoring unknown attribute 'reach-entity-attributes:reach'
[19Jul2025 03:05:24.438] [Worker-Main-1/WARN] [net.minecraft.world.entity.ai.attributes.AttributeMap/]: Ignoring unknown attribute 'reach-entity-attributes:reach'
[19Jul2025 03:05:24.532] [Worker-Main-1/WARN] [net.minecraft.world.entity.ai.attributes.AttributeMap/]: Ignoring unknown attribute 'reach-entity-attributes:reach'
[19Jul2025 03:05:24.533] [Worker-Main-1/WARN] [net.minecraft.world.entity.ai.attributes.AttributeMap/]: Ignoring unknown attribute 'reach-entity-attributes:reach'
[19Jul2025 03:05:24.534] [Worker-Main-1/WARN] [net.minecraft.world.entity.ai.attributes.AttributeMap/]: Ignoring unknown attribute 'reach-entity-attributes:reach'
[19Jul2025 03:05:24.763] [Worker-Main-1/INFO] [net.minecraft.server.level.progress.LoggerChunkProgressListener/]: Preparing spawn area: 53%
[19Jul2025 03:05:25.260] [Worker-Main-2/INFO] [net.minecraft.server.level.progress.LoggerChunkProgressListener/]: Preparing spawn area: 55%
[19Jul2025 03:05:25.764] [Worker-Main-2/INFO] [net.minecraft.server.level.progress.LoggerChunkProgressListener/]: Preparing spawn area: 56%
[19Jul2025 03:05:26.256] [Worker-Main-2/INFO] [net.minecraft.server.level.progress.LoggerChunkProgressListener/]: Preparing spawn area: 58%
[19Jul2025 03:05:26.755] [Worker-Main-2/INFO] [net.minecraft.server.level.progress.LoggerChunkProgressListener/]: Preparing spawn area: 59%
[19Jul2025 03:05:27.265] [Worker-Main-1/INFO] [net.minecraft.server.level.progress.LoggerChunkProgressListener/]: Preparing spawn area: 62%
[19Jul2025 03:05:27.773] [Worker-Main-3/INFO] [net.minecraft.server.level.progress.LoggerChunkProgressListener/]: Preparing spawn area: 64%
[19Jul2025 03:05:27.799] [Worker-Main-3/WARN] [net.minecraft.world.entity.ai.attributes.AttributeMap/]: Ignoring unknown attribute 'reach-entity-attributes:reach'
[19Jul2025 03:05:27.900] [Worker-Main-1/WARN] [net.minecraft.world.entity.ai.attributes.AttributeMap/]: Ignoring unknown attribute 'reach-entity-attributes:reach'
[19Jul2025 03:05:27.901] [Worker-Main-1/WARN] [net.minecraft.world.entity.ai.attributes.AttributeMap/]: Ignoring unknown attribute 'reach-entity-attributes:reach'
[19Jul2025 03:05:27.902] [Worker-Main-1/WARN] [net.minecraft.world.entity.ai.attributes.AttributeMap/]: Ignoring unknown attribute 'reach-entity-attributes:reach'
[19Jul2025 03:05:27.902] [Worker-Main-1/WARN] [net.minecraft.world.entity.ai.attributes.AttributeMap/]: Ignoring unknown attribute 'reach-entity-attributes:reach'
[19Jul2025 03:05:27.903] [Worker-Main-1/WARN] [net.minecraft.world.entity.ai.attributes.AttributeMap/]: Ignoring unknown attribute 'reach-entity-attributes:reach'
[19Jul2025 03:05:27.904] [Worker-Main-1/WARN] [net.minecraft.world.entity.ai.attributes.AttributeMap/]: Ignoring unknown attribute 'reach-entity-attributes:reach'
[19Jul2025 03:05:27.904] [Worker-Main-1/WARN] [net.minecraft.world.entity.ai.attributes.AttributeMap/]: Ignoring unknown attribute 'reach-entity-attributes:reach'
[19Jul2025 03:05:27.905] [Worker-Main-1/WARN] [net.minecraft.world.entity.ai.attributes.AttributeMap/]: Ignoring unknown attribute 'reach-entity-attributes:reach'
[19Jul2025 03:05:27.906] [Worker-Main-1/WARN] [net.minecraft.world.entity.ai.attributes.AttributeMap/]: Ignoring unknown attribute 'reach-entity-attributes:reach'
[19Jul2025 03:05:28.260] [Worker-Main-1/INFO] [net.minecraft.server.level.progress.LoggerChunkProgressListener/]: Preparing spawn area: 66%
[19Jul2025 03:05:28.311] [Worker-Main-3/WARN] [net.minecraft.world.entity.ai.attributes.AttributeMap/]: Ignoring unknown attribute 'reach-entity-attributes:reach'
[19Jul2025 03:05:28.793] [Worker-Main-2/INFO] [net.minecraft.server.level.progress.LoggerChunkProgressListener/]: Preparing spawn area: 68%
[19Jul2025 03:05:29.283] [Worker-Main-1/INFO] [net.minecraft.server.level.progress.LoggerChunkProgressListener/]: Preparing spawn area: 69%
[19Jul2025 03:05:29.793] [Worker-Main-3/INFO] [net.minecraft.server.level.progress.LoggerChunkProgressListener/]: Preparing spawn area: 72%
[19Jul2025 03:05:30.263] [Worker-Main-1/INFO] [net.minecraft.server.level.progress.LoggerChunkProgressListener/]: Preparing spawn area: 73%
[19Jul2025 03:05:30.910] [Worker-Main-1/INFO] [net.minecraft.server.level.progress.LoggerChunkProgressListener/]: Preparing spawn area: 75%
[19Jul2025 03:05:31.264] [Worker-Main-1/INFO] [net.minecraft.server.level.progress.LoggerChunkProgressListener/]: Preparing spawn area: 77%
[19Jul2025 03:05:31.756] [Worker-Main-1/INFO] [net.minecraft.server.level.progress.LoggerChunkProgressListener/]: Preparing spawn area: 79%
[19Jul2025 03:05:32.301] [Worker-Main-2/INFO] [net.minecraft.server.level.progress.LoggerChunkProgressListener/]: Preparing spawn area: 81%
[19Jul2025 03:05:32.978] [Worker-Main-1/INFO] [net.minecraft.server.level.progress.LoggerChunkProgressListener/]: Preparing spawn area: 82%
[19Jul2025 03:05:33.263] [Worker-Main-1/INFO] [net.minecraft.server.level.progress.LoggerChunkProgressListener/]: Preparing spawn area: 83%
[19Jul2025 03:05:33.765] [Worker-Main-3/INFO] [net.minecraft.server.level.progress.LoggerChunkProgressListener/]: Preparing spawn area: 84%
[19Jul2025 03:05:34.255] [Worker-Main-2/INFO] [net.minecraft.server.level.progress.LoggerChunkProgressListener/]: Preparing spawn area: 86%
[19Jul2025 03:05:34.754] [Worker-Main-2/INFO] [net.minecraft.server.level.progress.LoggerChunkProgressListener/]: Preparing spawn area: 88%
[19Jul2025 03:05:40.044] [Worker-Main-2/INFO] [net.minecraft.server.level.progress.LoggerChunkProgressListener/]: Preparing spawn area: 90%
[19Jul2025 03:05:40.044] [Worker-Main-2/INFO] [net.minecraft.server.level.progress.LoggerChunkProgressListener/]: Preparing spawn area: 90%
[19Jul2025 03:05:40.045] [Worker-Main-2/INFO] [net.minecraft.server.level.progress.LoggerChunkProgressListener/]: Preparing spawn area: 90%
[19Jul2025 03:05:40.045] [Worker-Main-2/INFO] [net.minecraft.server.level.progress.LoggerChunkProgressListener/]: Preparing spawn area: 90%
[19Jul2025 03:05:40.045] [Worker-Main-2/INFO] [net.minecraft.server.level.progress.LoggerChunkProgressListener/]: Preparing spawn area: 90%
[19Jul2025 03:05:40.047] [Worker-Main-1/INFO] [net.minecraft.server.level.progress.LoggerChunkProgressListener/]: Preparing spawn area: 90%
[19Jul2025 03:05:40.047] [Worker-Main-1/INFO] [net.minecraft.server.level.progress.LoggerChunkProgressListener/]: Preparing spawn area: 90%
[19Jul2025 03:05:40.048] [Worker-Main-1/INFO] [net.minecraft.server.level.progress.LoggerChunkProgressListener/]: Preparing spawn area: 90%
[19Jul2025 03:05:40.048] [Worker-Main-1/INFO] [net.minecraft.server.level.progress.LoggerChunkProgressListener/]: Preparing spawn area: 90%
[19Jul2025 03:05:40.050] [Worker-Main-1/INFO] [net.minecraft.server.level.progress.LoggerChunkProgressListener/]: Preparing spawn area: 90%
[19Jul2025 03:05:40.294] [Worker-Main-2/INFO] [net.minecraft.server.level.progress.LoggerChunkProgressListener/]: Preparing spawn area: 90%
[19Jul2025 03:05:40.764] [Worker-Main-2/INFO] [net.minecraft.server.level.progress.LoggerChunkProgressListener/]: Preparing spawn area: 93%
[19Jul2025 03:05:41.258] [Worker-Main-3/INFO] [net.minecraft.server.level.progress.LoggerChunkProgressListener/]: Preparing spawn area: 95%
[19Jul2025 03:05:41.757] [Worker-Main-1/INFO] [net.minecraft.server.level.progress.LoggerChunkProgressListener/]: Preparing spawn area: 97%
[19Jul2025 03:05:42.127] [Server thread/INFO] [net.minecraft.server.level.progress.LoggerChunkProgressListener/]: Time elapsed: 41374 ms
[19Jul2025 03:05:42.128] [Server thread/INFO] [net.minecraft.server.dedicated.DedicatedServer/]: Done (50.589s)! For help, type "help"
[19Jul2025 03:05:42.176] [Server thread/INFO] [net.minecraftforge.server.permission.PermissionAPI/]: Successfully initialized permission handler forge:default_handler
[19Jul2025 03:05:42.176] [Server thread/INFO] [com.brass_amber.ba_bt.BABTMain/]: HELLO from server starting
[19Jul2025 03:05:42.191] [Server thread/INFO] [journeymap/]: global (FirstLoaded) Setting config file to version "5.10.3": journeymap.server.global.config
[19Jul2025 03:05:42.192] [Server thread/INFO] [journeymap/]: global (Valid) Creating config file: ./journeymap/server/5.10/journeymap.server.global.config
[19Jul2025 03:05:42.203] [Server thread/INFO] [journeymap/]: default (FirstLoaded) Setting config file to version "5.10.3": journeymap.server.default.config
[19Jul2025 03:05:42.203] [Server thread/INFO] [journeymap/]: default (Valid) Creating config file: ./journeymap/server/5.10/journeymap.server.default.config
[19Jul2025 03:05:42.205] [Server thread/INFO] [journeymap/]: minecraft~overworld (Initialized) Setting config file to version "5.10.3": journeymap.server.minecraft~overworld.config
[19Jul2025 03:05:42.206] [Server thread/INFO] [journeymap/]: minecraft~overworld (Valid) Creating config file: ./journeymap/server/5.10/journeymap.server.minecraft~overworld.config
[19Jul2025 03:05:42.212] [Server thread/INFO] [journeymap/]: minecraft~the_end (Initialized) Setting config file to version "5.10.3": journeymap.server.minecraft~the_end.config
[19Jul2025 03:05:42.212] [Server thread/INFO] [journeymap/]: minecraft~the_end (Valid) Creating config file: ./journeymap/server/5.10/journeymap.server.minecraft~the_end.config
[19Jul2025 03:05:42.214] [Server thread/INFO] [journeymap/]: minecraft~the_nether (Initialized) Setting config file to version "5.10.3": journeymap.server.minecraft~the_nether.config
[19Jul2025 03:05:42.214] [Server thread/INFO] [journeymap/]: minecraft~the_nether (Valid) Creating config file: ./journeymap/server/5.10/journeymap.server.minecraft~the_nether.config
[19Jul2025 03:05:42.217] [Server thread/INFO] [com.github.alexthe666.iceandfire.IceAndFire/]: {iceandfire:fire_dragon_roost=true, iceandfire:fire_lily=true, iceandfire:spawn_dragon_skeleton_fire=true, iceandfire:lightning_dragon_roost=true, iceandfire:spawn_dragon_skeleton_lightning=true, iceandfire:ice_dragon_roost=true, iceandfire:ice_dragon_cave=true, iceandfire:lightning_dragon_cave=true, iceandfire:cyclops_cave=true, iceandfire:spawn_wandering_cyclops=true, iceandfire:spawn_sea_serpent=true, iceandfire:frost_lily=true, iceandfire:hydra_cave=true, iceandfire:lightning_lily=true, iceandfire:pixie_village=true, iceandfire:myrmex_hive_jungle=true, iceandfire:myrmex_hive_desert=true, iceandfire:silver_ore=true, iceandfire:siren_island=true, iceandfire:spawn_dragon_skeleton_ice=true, iceandfire:spawn_stymphalian_bird=true, iceandfire:fire_dragon_cave=true, iceandfire:sapphire_ore=true, iceandfire:spawn_hippocampus=true, iceandfire:spawn_death_worm=true}
[19Jul2025 03:05:42.218] [Server thread/INFO] [com.github.alexthe666.iceandfire.IceAndFire/]: {TROLL_S=true, HIPPOGRYPH=true, AMPHITHERE=true, COCKATRICE=true, TROLL_M=true, DREAD_LICH=true, TROLL_F=true}
[19Jul2025 03:05:42.359] [Server thread/INFO] [net.bettercombat.logic.WeaponRegistry/]: Encoded Weapon Attribute registry size (with package overhead): 218028 bytes (in 22 string chunks with the size of 10000)
[19Jul2025 03:05:42.360] [Server thread/INFO] [patchouli/]: Sending reload packet to clients
[19Jul2025 03:05:47.682] [Server thread/INFO] [com.github.alexthe666.alexsmobs.AlexsMobs/]: Found Pupfish chunk at 447 ~ -592 after 64 tries
